path,symbol,kind,evidence
web/e2e/f4-approval.spec.ts,attachAndSend,FunctionDeclaration,web/e2e/f4-approval.spec.ts:7
web/e2e/helpers.ts,login,FunctionDeclaration,web/e2e/helpers.ts:17
web/e2e/helpers.ts,createConversation,FunctionDeclaration,web/e2e/helpers.ts:27
web/e2e/helpers.ts,sendMessage,FunctionDeclaration,web/e2e/helpers.ts:33
web/e2e/helpers.ts,expectReply,FunctionDeclaration,web/e2e/helpers.ts:44
web/e2e/helpers.ts,expectRunLive,FunctionDeclaration,web/e2e/helpers.ts:54
web/src/App.tsx,App,FunctionDeclaration,web/src/App.tsx:19
web/src/App.tsx,Workbench,FunctionDeclaration,web/src/App.tsx:60
web/src/App.tsx,EmptySelection,FunctionDeclaration,web/src/App.tsx:137
web/src/adapters/assistant-ui/HpThread.tsx,HpThreadProps,InterfaceDeclaration,web/src/adapters/assistant-ui/HpThread.tsx:27
web/src/adapters/assistant-ui/HpThread.tsx,HpTextPart,FunctionDeclaration,web/src/adapters/assistant-ui/HpThread.tsx:44
web/src/adapters/assistant-ui/HpThread.tsx,HpMessageView,FunctionDeclaration,web/src/adapters/assistant-ui/HpThread.tsx:52
web/src/adapters/assistant-ui/HpThread.tsx,HpThread,FunctionDeclaration,web/src/adapters/assistant-ui/HpThread.tsx:110
web/src/adapters/assistant-ui/runtime.ts,HpThreadRuntimeOptions,InterfaceDeclaration,web/src/adapters/assistant-ui/runtime.ts:25
web/src/adapters/assistant-ui/runtime.ts,extractText,FunctionDeclaration,web/src/adapters/assistant-ui/runtime.ts:33
web/src/adapters/assistant-ui/runtime.ts,useHpThreadRuntime,FunctionDeclaration,web/src/adapters/assistant-ui/runtime.ts:43
web/src/adapters/assistant-ui/types.test.ts,userMessage,FunctionDeclaration,web/src/adapters/assistant-ui/types.test.ts:13
web/src/adapters/assistant-ui/types.test.ts,assistantMessage,FunctionDeclaration,web/src/adapters/assistant-ui/types.test.ts:29
web/src/adapters/assistant-ui/types.ts,toAssistantStatus,FunctionDeclaration,web/src/adapters/assistant-ui/types.ts:13
web/src/adapters/assistant-ui/types.ts,toThreadMessageLike,FunctionDeclaration,web/src/adapters/assistant-ui/types.ts:28
web/src/api/client.test.ts,headerValue,FunctionDeclaration,web/src/api/client.test.ts:17
web/src/api/client.test.ts,error,FunctionDeclaration,web/src/api/client.test.ts:30
web/src/api/client.ts,MeResponse,InterfaceDeclaration,web/src/api/client.ts:14
web/src/api/client.ts,QqBindingChallenge,InterfaceDeclaration,web/src/api/client.ts:38
web/src/api/client.ts,ApiRequestInit,InterfaceDeclaration,web/src/api/client.ts:47
web/src/api/client.ts,HpApiTransport,InterfaceDeclaration,web/src/api/client.ts:60
web/src/api/client.ts,ApiClient,ClassDeclaration,web/src/api/client.ts:66
web/src/api/resources.ts,SendMessageOptions,InterfaceDeclaration,web/src/api/resources.ts:27
web/src/api/resources.ts,HpApi,ClassDeclaration,web/src/api/resources.ts:34
web/src/api/resources.ts,eventsUrl,FunctionDeclaration,web/src/api/resources.ts:259
web/src/api/resources.ts,messageKey,FunctionDeclaration,web/src/api/resources.ts:263
web/src/api/types.ts,ConversationStatus,TypeAliasDeclaration,web/src/api/types.ts:9
web/src/api/types.ts,HpConversation,InterfaceDeclaration,web/src/api/types.ts:11
web/src/api/types.ts,HpMessageRole,TypeAliasDeclaration,web/src/api/types.ts:21
web/src/api/types.ts,HpMessageStatus,TypeAliasDeclaration,web/src/api/types.ts:23
web/src/api/types.ts,HpFileStatus,TypeAliasDeclaration,web/src/api/types.ts:30
web/src/api/types.ts,HpFile,InterfaceDeclaration,web/src/api/types.ts:32
web/src/api/types.ts,HpMessage,InterfaceDeclaration,web/src/api/types.ts:45
web/src/api/types.ts,HpRunStatus,TypeAliasDeclaration,web/src/api/types.ts:59
web/src/api/types.ts,AgentStrategy,TypeAliasDeclaration,web/src/api/types.ts:62
web/src/api/types.ts,HpFileApproval,InterfaceDeclaration,web/src/api/types.ts:64
web/src/api/types.ts,HpPersistentFileDestination,InterfaceDeclaration,web/src/api/types.ts:75
web/src/api/types.ts,HpFailure,InterfaceDeclaration,web/src/api/types.ts:83
web/src/api/types.ts,HpTokenUsage,InterfaceDeclaration,web/src/api/types.ts:89
web/src/api/types.ts,HpUsageCounter,InterfaceDeclaration,web/src/api/types.ts:95
web/src/api/types.ts,HpRunBudget,InterfaceDeclaration,web/src/api/types.ts:101
web/src/api/types.ts,HpRun,InterfaceDeclaration,web/src/api/types.ts:125
web/src/api/types.ts,HpRunSnapshot,InterfaceDeclaration,web/src/api/types.ts:142
web/src/api/types.ts,HpTraceStatus,TypeAliasDeclaration,web/src/api/types.ts:147
web/src/api/types.ts,HpTraceRun,InterfaceDeclaration,web/src/api/types.ts:149
web/src/api/types.ts,HpTraceEvent,InterfaceDeclaration,web/src/api/types.ts:160
web/src/api/types.ts,HpTraceEventNode,InterfaceDeclaration,web/src/api/types.ts:173
web/src/api/types.ts,HpTraceTree,InterfaceDeclaration,web/src/api/types.ts:178
web/src/api/types.ts,HpActiveRun,InterfaceDeclaration,web/src/api/types.ts:183
web/src/api/types.ts,HpConversationDetail,InterfaceDeclaration,web/src/api/types.ts:188
web/src/api/types.ts,HpSendResult,InterfaceDeclaration,web/src/api/types.ts:193
web/src/api/types.ts,HpRetryResult,InterfaceDeclaration,web/src/api/types.ts:200
web/src/api/types.ts,HpPage,InterfaceDeclaration,web/src/api/types.ts:207
web/src/api/types.ts,HpMessagePage,InterfaceDeclaration,web/src/api/types.ts:213
web/src/api/types.ts,HpArtifactKind,TypeAliasDeclaration,web/src/api/types.ts:217
web/src/api/types.ts,HpArtifactVersionStatus,TypeAliasDeclaration,web/src/api/types.ts:218
web/src/api/types.ts,HpArtifact,InterfaceDeclaration,web/src/api/types.ts:220
web/src/api/types.ts,HpArtifactVersion,InterfaceDeclaration,web/src/api/types.ts:230
web/src/api/types.ts,HpArtifactSummary,InterfaceDeclaration,web/src/api/types.ts:244
web/src/api/types.ts,HpErrorCode,TypeAliasDeclaration,web/src/api/types.ts:250
web/src/api/types.ts,HpErrorDetail,InterfaceDeclaration,web/src/api/types.ts:270
web/src/api/types.ts,HpCommandError,ClassDeclaration,web/src/api/types.ts:279
web/src/components/ApprovalCard.tsx,ApprovalCard,FunctionDeclaration,web/src/components/ApprovalCard.tsx:18
web/src/components/ArtifactPanel.tsx,ArtifactPanel,FunctionDeclaration,web/src/components/ArtifactPanel.tsx:6
web/src/components/ArtifactPreview.tsx,ArtifactPreview,FunctionDeclaration,web/src/components/ArtifactPreview.tsx:3
web/src/components/ChatPane.tsx,ChatPane,FunctionDeclaration,web/src/components/ChatPane.tsx:18
web/src/components/ConversationSidebar.tsx,ConversationSidebarProps,InterfaceDeclaration,web/src/components/ConversationSidebar.tsx:7
web/src/components/ConversationSidebar.tsx,ConversationSidebar,FunctionDeclaration,web/src/components/ConversationSidebar.tsx:27
web/src/components/LoginForm.tsx,LoginForm,FunctionDeclaration,web/src/components/LoginForm.tsx:12
web/src/components/LoginForm.tsx,onSubmit,FunctionDeclaration,web/src/components/LoginForm.tsx:24
web/src/components/QQBindingPanel.tsx,QQBindingPanelProps,InterfaceDeclaration,web/src/components/QQBindingPanel.tsx:5
web/src/components/QQBindingPanel.tsx,QQBindingPanel,FunctionDeclaration,web/src/components/QQBindingPanel.tsx:11
web/src/components/RegistrationQqGate.tsx,RegistrationQqGateProps,InterfaceDeclaration,web/src/components/RegistrationQqGate.tsx:3
web/src/components/RegistrationQqGate.tsx,RegistrationQqGate,FunctionDeclaration,web/src/components/RegistrationQqGate.tsx:9
web/src/components/RunStatus.test.tsx,failedRun,FunctionDeclaration,web/src/components/RunStatus.test.tsx:6
web/src/components/RunStatus.tsx,RunStatusProps,InterfaceDeclaration,web/src/components/RunStatus.tsx:13
web/src/components/RunStatus.tsx,RunStatus,FunctionDeclaration,web/src/components/RunStatus.tsx:33
web/src/components/progressLabels.ts,phaseLabel,FunctionDeclaration,web/src/components/progressLabels.ts:28
web/src/components/trace/TraceDetail.tsx,TokenUsage,InterfaceDeclaration,web/src/components/trace/TraceDetail.tsx:3
web/src/components/trace/TraceDetail.tsx,tokenUsage,FunctionDeclaration,web/src/components/trace/TraceDetail.tsx:10
web/src/components/trace/TraceDetail.tsx,formatTime,FunctionDeclaration,web/src/components/trace/TraceDetail.tsx:23
web/src/components/trace/TraceDetail.tsx,TraceDetail,FunctionDeclaration,web/src/components/trace/TraceDetail.tsx:29
web/src/components/trace/TracePanel.tsx,TracePanel,FunctionDeclaration,web/src/components/trace/TracePanel.tsx:7
web/src/components/trace/TraceTree.tsx,TraceTreeProps,InterfaceDeclaration,web/src/components/trace/TraceTree.tsx:13
web/src/components/trace/TraceTree.tsx,durationLabel,FunctionDeclaration,web/src/components/trace/TraceTree.tsx:20
web/src/components/trace/TraceTree.tsx,StatusIcon,FunctionDeclaration,web/src/components/trace/TraceTree.tsx:25
web/src/components/trace/TraceTree.tsx,TraceTreeNode,FunctionDeclaration,web/src/components/trace/TraceTree.tsx:34
web/src/components/trace/TraceTree.tsx,ConnectedNode,FunctionDeclaration,web/src/components/trace/TraceTree.tsx:82
web/src/components/trace/TraceTree.tsx,TraceTree,FunctionDeclaration,web/src/components/trace/TraceTree.tsx:103
web/src/components/trace/traceStore.ts,TraceNode,InterfaceDeclaration,web/src/components/trace/traceStore.ts:7
web/src/components/trace/traceStore.ts,TraceState,InterfaceDeclaration,web/src/components/trace/traceStore.ts:19
web/src/components/trace/traceStore.ts,flattenTree,FunctionDeclaration,web/src/components/trace/traceStore.ts:37
web/src/components/trace/traceStore.ts,terminalStatus,FunctionDeclaration,web/src/components/trace/traceStore.ts:61
web/src/components/trace/traceStore.ts,createTraceStore,FunctionDeclaration,web/src/components/trace/traceStore.ts:66
web/src/sse/runFeed.test.ts,frame,FunctionDeclaration,web/src/sse/runFeed.test.ts:16
web/src/sse/runFeed.test.ts,envelope,FunctionDeclaration,web/src/sse/runFeed.test.ts:20
web/src/sse/runFeed.test.ts,snapshotFrame,FunctionDeclaration,web/src/sse/runFeed.test.ts:40
web/src/sse/runFeed.test.ts,terminalFrame,FunctionDeclaration,web/src/sse/runFeed.test.ts:55
web/src/sse/runFeed.test.ts,manualStream,FunctionDeclaration,web/src/sse/runFeed.test.ts:113
web/src/sse/runFeed.test.ts,FeedProbe,InterfaceDeclaration,web/src/sse/runFeed.test.ts:134
web/src/sse/runFeed.test.ts,probe,FunctionDeclaration,web/src/sse/runFeed.test.ts:139
web/src/sse/runFeed.ts,SseDegradeReason,TypeAliasDeclaration,web/src/sse/runFeed.ts:33
web/src/sse/runFeed.ts,RunProgress,InterfaceDeclaration,web/src/sse/runFeed.ts:35
web/src/sse/runFeed.ts,TraceEventUpdate,InterfaceDeclaration,web/src/sse/runFeed.ts:40
web/src/sse/runFeed.ts,SseEnvelope,InterfaceDeclaration,web/src/sse/runFeed.ts:53
web/src/sse/runFeed.ts,RunFeedHandlers,InterfaceDeclaration,web/src/sse/runFeed.ts:66
web/src/sse/runFeed.ts,OpenRunFeedOptions,InterfaceDeclaration,web/src/sse/runFeed.ts:85
web/src/sse/runFeed.ts,RunFeed,InterfaceDeclaration,web/src/sse/runFeed.ts:90
web/src/sse/runFeed.ts,DegradeError,ClassDeclaration,web/src/sse/runFeed.ts:100
web/src/sse/runFeed.ts,StreamSequencer,ClassDeclaration,web/src/sse/runFeed.ts:115
web/src/sse/runFeed.ts,isRunSnapshot,FunctionDeclaration,web/src/sse/runFeed.ts:164
web/src/sse/runFeed.ts,isRunStatus,FunctionDeclaration,web/src/sse/runFeed.ts:173
web/src/sse/runFeed.ts,openRunFeed,FunctionDeclaration,web/src/sse/runFeed.ts:184
web/src/sse/sseClient.test.ts,streamResponse,FunctionDeclaration,web/src/sse/sseClient.test.ts:19
web/src/sse/sseClient.test.ts,manualStream,FunctionDeclaration,web/src/sse/sseClient.test.ts:32
web/src/sse/sseClient.ts,SseFrame,InterfaceDeclaration,web/src/sse/sseClient.ts:14
web/src/sse/sseClient.ts,SseStreamOptions,InterfaceDeclaration,web/src/sse/sseClient.ts:23
web/src/sse/sseClient.ts,SseStreamHandle,InterfaceDeclaration,web/src/sse/sseClient.ts:32
web/src/sse/sseClient.ts,SseConnectError,ClassDeclaration,web/src/sse/sseClient.ts:38
web/src/sse/sseClient.ts,parseSseEventBlock,FunctionDeclaration,web/src/sse/sseClient.ts:51
web/src/sse/sseClient.ts,extractSseFrames,FunctionDeclaration,web/src/sse/sseClient.ts:71
web/src/sse/sseClient.ts,openSseStream,FunctionDeclaration,web/src/sse/sseClient.ts:82
web/src/store/artifacts.test.ts,version,FunctionDeclaration,web/src/store/artifacts.test.ts:19
web/src/store/artifacts.test.ts,deferred,FunctionDeclaration,web/src/store/artifacts.test.ts:35
web/src/store/artifacts.test.ts,fakeApi,FunctionDeclaration,web/src/store/artifacts.test.ts:43
web/src/store/artifacts.ts,ArtifactState,InterfaceDeclaration,web/src/store/artifacts.ts:14
web/src/store/artifacts.ts,ArtifactStoreDeps,InterfaceDeclaration,web/src/store/artifacts.ts:33
web/src/store/artifacts.ts,upsert,FunctionDeclaration,web/src/store/artifacts.ts:50
web/src/store/artifacts.ts,unique,FunctionDeclaration,web/src/store/artifacts.ts:57
web/src/store/artifacts.ts,createArtifactStore,FunctionDeclaration,web/src/store/artifacts.ts:61
web/src/store/auth.ts,AuthStatus,TypeAliasDeclaration,web/src/store/auth.ts:12
web/src/store/auth.ts,AuthState,InterfaceDeclaration,web/src/store/auth.ts:14
web/src/store/workbench.test.ts,sseChannel,FunctionDeclaration,web/src/store/workbench.test.ts:15
web/src/store/workbench.test.ts,message,FunctionDeclaration,web/src/store/workbench.test.ts:46
web/src/store/workbench.test.ts,run,FunctionDeclaration,web/src/store/workbench.test.ts:62
web/src/store/workbench.test.ts,conversation,FunctionDeclaration,web/src/store/workbench.test.ts:82
web/src/store/workbench.test.ts,FakeBackend,InterfaceDeclaration,web/src/store/workbench.test.ts:95
web/src/store/workbench.test.ts,makeBackend,FunctionDeclaration,web/src/store/workbench.test.ts:104
web/src/store/workbench.test.ts,BoundStore,TypeAliasDeclaration,web/src/store/workbench.test.ts:229
web/src/store/workbench.test.ts,makeStore,FunctionDeclaration,web/src/store/workbench.test.ts:231
web/src/store/workbench.test.ts,env,FunctionDeclaration,web/src/store/workbench.test.ts:572
web/src/store/workbench.test.ts,makeSseBackend,FunctionDeclaration,web/src/store/workbench.test.ts:597
web/src/store/workbench.ts,isTerminalRunStatus,FunctionDeclaration,web/src/store/workbench.ts:42
web/src/store/workbench.ts,isCancellableRunStatus,FunctionDeclaration,web/src/store/workbench.ts:46
web/src/store/workbench.ts,isRetryableRun,FunctionDeclaration,web/src/store/workbench.ts:50
web/src/store/workbench.ts,runStatusLabel,FunctionDeclaration,web/src/store/workbench.ts:55
web/src/store/workbench.ts,sleep,FunctionDeclaration,web/src/store/workbench.ts:74
web/src/store/workbench.ts,WorkbenchDeps,InterfaceDeclaration,web/src/store/workbench.ts:78
web/src/store/workbench.ts,UploadAttachmentStatus,TypeAliasDeclaration,web/src/store/workbench.ts:86
web/src/store/workbench.ts,UploadAttachment,InterfaceDeclaration,web/src/store/workbench.ts:88
web/src/store/workbench.ts,WorkbenchState,InterfaceDeclaration,web/src/store/workbench.ts:98
web/src/store/workbench.ts,replaceTempMessage,FunctionDeclaration,web/src/store/workbench.ts:148
web/src/store/workbench.ts,reconcileAssistantMessage,FunctionDeclaration,web/src/store/workbench.ts:159
web/src/store/workbench.ts,appendDelta,FunctionDeclaration,web/src/store/workbench.ts:184
web/src/store/workbench.ts,messageErrorText,FunctionDeclaration,web/src/store/workbench.ts:201
web/src/store/workbench.ts,createWorkbenchStore,FunctionDeclaration,web/src/store/workbench.ts:211
web/src/store/workbench.ts,refreshRunBudgetOnly,FunctionDeclaration,web/src/store/workbench.ts:235
web/src/store/workbench.ts,scheduleBudgetRefresh,FunctionDeclaration,web/src/store/workbench.ts:246
web/src/store/workbench.ts,startPolling,FunctionDeclaration,web/src/store/workbench.ts:254
web/src/store/workbench.ts,confirmRun,FunctionDeclaration,web/src/store/workbench.ts:291
web/src/store/workbench.ts,startRunMonitor,FunctionDeclaration,web/src/store/workbench.ts:311
web/src/store/workbench.ts,refreshActiveRun,FunctionDeclaration,web/src/store/workbench.ts:406
web/src/test/setup.ts,ResizeObserverStub,ClassDeclaration,web/src/test/setup.ts:5
web/src/utils/idempotency.ts,newIdempotencyKey,FunctionDeclaration,web/src/utils/idempotency.ts:7
web/src/utils/tokenUsage.ts,formatTokenCount,FunctionDeclaration,web/src/utils/tokenUsage.ts:3
web/src/utils/tokenUsage.ts,tokenUsagePrefix,FunctionDeclaration,web/src/utils/tokenUsage.ts:9
