path,loc,fan_in,fan_out,logical_owner,capability,runtime_roots,reachability_class,fact_flags,evidence
src/sandbox/tools/adapters/mcp.py,1545,4,15,Tool runtime / workspace execution,P3,R1;R5,PROD_CONDITIONAL,LARGE_HOTSPOT,src/sandbox/tools/adapters/mcp.py:1;src/sandbox/tools/adapters/mcp.py:1197;src/sandbox/tools/adapters/mcp.py:1215;src/sandbox/tools/adapters/mcp.py:1222;src/sandbox/tools/adapters/mcp.py:1297;src/sandbox/tools/adapters/mcp.py:385;src/sandbox/tools/adapters/mcp.py:58;src/sandbox/tools/adapters/mcp.py:69;src/sandbox/tools/adapters/mcp.py:871
src/agent_activities/runtime.py,1499,6,23,Durable Agent data plane,MULTIPLE,R1;R3;R4;R5,PROD_CONDITIONAL,HIGH_FAN_OUT;LARGE_HOTSPOT,src/agent_activities/runtime.py:1;src/agent_activities/runtime.py:64
src/orchestration/worker.py,1370,5,84,Process composition & lifecycle,MULTIPLE,R1;R5,PROD_CONDITIONAL,HIGH_FAN_OUT;LARGE_HOTSPOT,src/orchestration/worker.py:1;src/orchestration/worker.py:103;src/orchestration/worker.py:391;src/orchestration/worker.py:475;src/orchestration/worker.py:508;src/orchestration/worker.py:584;src/orchestration/worker.py:598;src/orchestration/worker.py:68;src/orchestration/worker.py:89
src/web_api/app.py,1148,6,45,Web HTTP / authentication / SSE,MULTIPLE,R2,PROD_DIRECT,HIGH_FAN_OUT;LARGE_HOTSPOT,src/web_api/app.py:1;src/web_api/app.py:103;src/web_api/app.py:157;src/web_api/app.py:161;src/web_api/app.py:180;src/web_api/app.py:204;src/web_api/app.py:211;src/web_api/app.py:215;src/web_api/app.py:224
src/agent/strategies.py,944,9,9,Mixed protocol / experimental Multi-Agent,NONE,,EXPERIMENTAL_REJECTED,EXPERIMENTAL_CODE;LARGE_HOTSPOT;PRODUCTION_REJECTED,src/agent/strategies.py:1;src/agent/strategies.py:141;src/agent/strategies.py:192;src/agent/strategies.py:328;src/agent/strategies.py:339;src/agent/strategies.py:352;src/agent/strategies.py:366;src/agent/strategies.py:37;src/agent/strategies.py:57;src/orchestration/worker.py:803;src/agent/__init__.py:16
src/channels/official_qq.py,905,2,10,QQ transport,P1,R1,PROD_CONDITIONAL,LARGE_HOTSPOT,src/channels/official_qq.py:1;src/channels/official_qq.py:113;src/channels/official_qq.py:124
web/src/store/workbench.test.ts,850,0,5,Web frontend,P1,,TEST_ONLY,LARGE_HOTSPOT,web/src/store/workbench.test.ts:1
src/orchestration/config.py,810,8,8,Runtime configuration composition,MULTIPLE,R1;R5,PROD_CONDITIONAL,ARCHITECTURE_DRIFT;LARGE_HOTSPOT,src/orchestration/config.py:1;src/orchestration/config.py:34;src/orchestration/config.py:43;src/orchestration/config.py:57;src/orchestration/config.py:65;src/orchestration/config.py:72;src/orchestration/config.py:79;src/orchestration/config.py:89;src/orchestration/config.py:97
src/research_activities/runtime.py,807,1,22,Research execution,P6,R1;R3;R5,PROD_CONDITIONAL,HIGH_FAN_OUT;LARGE_HOTSPOT,src/research_activities/runtime.py:1;src/research_activities/runtime.py:45
web/src/store/workbench.ts,794,5,8,Web frontend,MULTIPLE,R7,PROD_CONDITIONAL,LARGE_HOTSPOT,web/src/store/workbench.ts:1
src/session/store.py,736,3,9,QQ short-term persistence,P2,R1;R4;R5,PROD_CONDITIONAL,ARCHITECTURE_DRIFT;LARGE_HOTSPOT,src/session/store.py:1;src/session/store.py:46;src/session/store.py:731
src/agent_execution/brain_action_loop.py,705,5,12,Agent execution hosts & tracing,MULTIPLE,R1;R4;R5,PROD_CONDITIONAL,LARGE_HOTSPOT,src/agent_execution/brain_action_loop.py:1;src/agent_execution/brain_action_loop.py:33;src/agent_execution/brain_action_loop.py:43
src/resources/model_client.py,673,4,9,Model / retrieval infrastructure,P3,R1;R4;R5,PROD_CONDITIONAL,LARGE_HOTSPOT,src/resources/model_client.py:1;src/resources/model_client.py:28
src/memory/hindsight_client.py,662,7,7,Long-term / group memory adapters,P2,R1;R5,PROD_CONDITIONAL,LARGE_HOTSPOT,src/memory/hindsight_client.py:1;src/memory/hindsight_client.py:127;src/memory/hindsight_client.py:139;src/memory/hindsight_client.py:31;src/memory/hindsight_client.py:93
src/web_domain/services.py,627,27,18,Web transactional domain,MULTIPLE,R1;R2;R3;R4;R5,PROD_CONDITIONAL,HIGH_FAN_IN;LARGE_HOTSPOT,src/web_domain/services.py:1;src/web_domain/services.py:48;src/web_domain/services.py:53;src/web_domain/services.py:58;src/web_domain/services.py:76
src/agent_execution/qq_host.py,593,5,11,Agent execution hosts & tracing,MULTIPLE,R1;R5,PROD_CONDITIONAL,,src/agent_execution/qq_host.py:1;src/agent_execution/qq_host.py:156;src/agent_execution/qq_host.py:251;src/agent_execution/qq_host.py:255;src/agent_execution/qq_host.py:261;src/agent_execution/qq_host.py:29;src/agent_execution/qq_host.py:35;src/agent_execution/qq_host.py:53;src/agent_execution/qq_host.py:59
src/persistence/repositories.py,550,10,6,PostgreSQL runtime,MULTIPLE,R1;R2;R3;R4;R5,PROD_CONDITIONAL,,src/persistence/repositories.py:1;src/persistence/repositories.py:114;src/persistence/repositories.py:12;src/persistence/repositories.py:202;src/persistence/repositories.py:22;src/persistence/repositories.py:345;src/persistence/repositories.py:359;src/persistence/repositories.py:425;src/persistence/repositories.py:55
src/channels/napcat.py,543,2,9,QQ transport,P1,R1,PROD_CONDITIONAL,,src/channels/napcat.py:1;src/channels/napcat.py:124;src/channels/napcat.py:49;src/channels/napcat.py:54;src/channels/napcat.py:64;src/channels/napcat.py:75
src/research_domain/persistence.py,538,3,10,Research PostgreSQL repositories,P6,R1;R2;R3;R5,PROD_CONDITIONAL,PACKAGE_BOUNDARY_CROSSING,src/research_domain/persistence.py:1;src/research_domain/persistence.py:24;src/research_domain/persistence.py:85
src/web_api/sse.py,404,3,15,Web SSE transport,S2,R2,PROD_CONDITIONAL,,src/web_api/sse.py:1;src/web_api/sse.py:116;src/web_api/sse.py:128;src/web_api/sse.py:134;src/web_api/sse.py:44;src/web_api/sse.py:52;src/web_api/sse.py:60;src/web_api/sse.py:91
src/harness/context_builder.py,400,6,5,Context message assembly,P3,R1;R4;R5,PROD_CONDITIONAL,,src/harness/context_builder.py:1;src/harness/context_builder.py:36
src/agent_activities/store.py,395,12,6,Durable Agent data plane,MULTIPLE,R1;R3;R4;R5,PROD_CONDITIONAL,,src/agent_activities/store.py:1;src/agent_activities/store.py:17;src/agent_activities/store.py:21;src/agent_activities/store.py:25;src/agent_activities/store.py:30;src/agent_activities/store.py:36;src/agent_activities/store.py:43
web/src/sse/runFeed.ts,391,4,3,Web frontend,S2,R7,PROD_CONDITIONAL,,web/src/sse/runFeed.ts:1
src/actions/runtime.py,373,5,7,Agent tool execution,P3,R1;R4;R5,PROD_CONDITIONAL,,src/actions/runtime.py:1;src/actions/runtime.py:23
src/account/identity_binding_service.py,365,6,12,Identity & credentials,P2,R1;R2,PROD_CONDITIONAL,,src/account/identity_binding_service.py:1;src/account/identity_binding_service.py:21;src/account/identity_binding_service.py:25;src/account/identity_binding_service.py:29;src/account/identity_binding_service.py:33;src/account/identity_binding_service.py:38;src/account/identity_binding_service.py:45;src/account/identity_binding_service.py:53;src/account/identity_binding_service.py:60
src/memory/group_context.py,357,1,5,Long-term / group memory adapters,P2,R1;R5,PROD_CONDITIONAL,,src/memory/group_context.py:1;src/memory/group_context.py:38
src/orchestration/web_dispatcher.py,356,13,20,Process lifecycle & Temporal,MULTIPLE,R1;R3;R5,PROD_CONDITIONAL,HIGH_FAN_OUT,src/orchestration/web_dispatcher.py:1;src/orchestration/web_dispatcher.py:102;src/orchestration/web_dispatcher.py:113;src/orchestration/web_dispatcher.py:117;src/orchestration/web_dispatcher.py:188;src/orchestration/web_dispatcher.py:36;src/orchestration/web_dispatcher.py:41;src/orchestration/web_dispatcher.py:87;src/orchestration/web_dispatcher.py:93
src/sandbox/tools/local/file_analysis.py,356,3,12,Tool runtime / workspace execution,P3,R1;R4;R5,PROD_CONDITIONAL,,src/sandbox/tools/local/file_analysis.py:1;src/sandbox/tools/local/file_analysis.py:149;src/sandbox/tools/local/file_analysis.py:19;src/sandbox/tools/local/file_analysis.py:28;src/sandbox/tools/local/file_analysis.py:33;src/sandbox/tools/local/file_analysis.py:40;src/sandbox/tools/local/file_analysis.py:48;src/sandbox/tools/local/file_analysis.py:54;src/sandbox/tools/local/file_analysis.py:59
src/research_domain/services.py,355,4,14,Research commands & persistence,P6,R1;R2;R3;R5,PROD_CONDITIONAL,,src/research_domain/services.py:1;src/research_domain/services.py:29;src/research_domain/services.py:33;src/research_domain/services.py:38;src/research_domain/services.py:44;src/research_domain/services.py:49
web/src/sse/runFeed.test.ts,353,0,3,Web frontend,S2,,TEST_ONLY,,web/src/sse/runFeed.test.ts:1
src/web_api/queries.py,352,3,10,Web HTTP / authentication / SSE,MULTIPLE,R2,PROD_CONDITIONAL,,src/web_api/queries.py:1;src/web_api/queries.py:132;src/web_api/queries.py:16;src/web_api/queries.py:22;src/web_api/queries.py:34;src/web_api/queries.py:56;src/web_api/queries.py:67;src/web_api/queries.py:93
src/sandbox/sandbox_manager.py,342,4,19,Tool runtime / workspace execution,P3,R1;R4;R5,PROD_CONDITIONAL,,src/sandbox/sandbox_manager.py:1;src/sandbox/sandbox_manager.py:44;src/sandbox/sandbox_manager.py:52
src/sandbox/tools/local/file_write.py,338,5,9,Tool runtime / workspace execution,P3,R1;R4;R5,PROD_CONDITIONAL,,src/sandbox/tools/local/file_write.py:1;src/sandbox/tools/local/file_write.py:17;src/sandbox/tools/local/file_write.py:23;src/sandbox/tools/local/file_write.py:29;src/sandbox/tools/local/file_write.py:34;src/sandbox/tools/local/file_write.py:40;src/sandbox/tools/local/file_write.py:45;src/sandbox/tools/local/file_write.py:51;src/sandbox/tools/local/file_write.py:57
web/src/api/client.test.ts,325,0,3,Web frontend,P1,,TEST_ONLY,,web/src/api/client.test.ts:1
src/file_domain/persistent.py,319,4,15,Persistent file revision domain and SQL,P5,R1;R2;R4;R5,PROD_CONDITIONAL,PACKAGE_BOUNDARY_CROSSING,src/file_domain/persistent.py:1;src/file_domain/persistent.py:144;src/file_domain/persistent.py:23;src/file_domain/persistent.py:28;src/file_domain/persistent.py:39;src/file_domain/persistent.py:50
src/workspace/isolation.py,313,10,13,Shared workspace locking and recovery,P4,R1;R4;R5,PROD_CONDITIONAL,,src/workspace/isolation.py:1;src/workspace/isolation.py:129;src/workspace/isolation.py:17;src/workspace/isolation.py:22;src/workspace/isolation.py:26;src/workspace/isolation.py:32;src/workspace/isolation.py:45;src/workspace/isolation.py:51;src/workspace/isolation.py:92
src/orchestration/scheduler.py,301,2,12,Reminder scheduling,P1,R1;R4;R5,PROD_CONDITIONAL,,src/orchestration/scheduler.py:1;src/orchestration/scheduler.py:31;src/orchestration/scheduler.py:65
src/session/workspace.py,301,4,11,Workspace provisioning,P3,R1,PROD_CONDITIONAL,,src/session/workspace.py:1;src/session/workspace.py:118;src/session/workspace.py:138;src/session/workspace.py:173;src/session/workspace.py:187;src/session/workspace.py:202;src/session/workspace.py:294;src/session/workspace.py:42;src/session/workspace.py:64
src/common/types.py,299,25,5,Shared contracts / telemetry,MULTIPLE,R1;R4;R5,PROD_CONDITIONAL,HIGH_FAN_IN,src/common/types.py:1;src/common/types.py:100;src/common/types.py:159;src/common/types.py:209;src/common/types.py:236;src/common/types.py:34;src/common/types.py:64;src/common/types.py:76;src/common/types.py:89
src/storage/tenant_file_store.py,297,17,9,Tenant file object storage,P5,R1;R2;R3;R4;R5;R6,PROD_CONDITIONAL,HIGH_FAN_IN,src/storage/tenant_file_store.py:1;src/storage/tenant_file_store.py:18;src/storage/tenant_file_store.py:22;src/storage/tenant_file_store.py:26;src/storage/tenant_file_store.py:276;src/storage/tenant_file_store.py:30;src/storage/tenant_file_store.py:35;src/storage/tenant_file_store.py:43;src/storage/tenant_file_store.py:49
web/src/api/types.ts,295,21,0,Web frontend,P1,R7,PROD_CONDITIONAL,HIGH_FAN_IN,web/src/api/types.ts:1
src/sandbox/tools/retriever.py,284,2,9,Tool runtime / workspace execution,P3,R1;R5,PROD_CONDITIONAL,,src/sandbox/tools/retriever.py:1;src/sandbox/tools/retriever.py:184;src/sandbox/tools/retriever.py:22;src/sandbox/tools/retriever.py:33;src/sandbox/tools/retriever.py:43
web/src/api/client.ts,280,14,1,Web frontend,P1,R7,PROD_CONDITIONAL,,web/src/api/client.ts:1
src/agent_workflows/contracts.py,275,24,3,Durable Agent control flow,MULTIPLE,R1;R3;R4;R5,PROD_CONDITIONAL,HIGH_FAN_IN,src/agent_workflows/contracts.py:1;src/agent_workflows/contracts.py:108;src/agent_workflows/contracts.py:17;src/agent_workflows/contracts.py:31;src/agent_workflows/contracts.py:42;src/agent_workflows/contracts.py:50;src/agent_workflows/contracts.py:57;src/agent_workflows/contracts.py:77;src/agent_workflows/contracts.py:89
src/resources/resource_pool.py,272,5,11,Model / retrieval infrastructure,P3,R1;R4;R5,PROD_CONDITIONAL,,src/resources/resource_pool.py:1;src/resources/resource_pool.py:30
src/web_domain/file_services.py,270,5,14,Web transactional domain,MULTIPLE,R2,PROD_CONDITIONAL,,src/web_domain/file_services.py:1;src/web_domain/file_services.py:56
src/orchestration/web_activities.py,269,4,18,Web lifecycle and legacy execution activities,MULTIPLE,R1;R3;R4;R5,PROD_CONDITIONAL,ARCHITECTURE_DRIFT,src/orchestration/web_activities.py:1;src/orchestration/web_activities.py:35;src/orchestration/web_activities.py:44;src/orchestration/web_activities.py:49;src/orchestration/web_activities.py:54;src/orchestration/web_activities.py:62;src/orchestration/web_activities.py:67;src/orchestration/web_activities.py:73;src/orchestration/web_activities.py:79
src/web_artifacts/services.py,265,4,12,Artifact versions,S1,R2,PROD_CONDITIONAL,,src/web_artifacts/services.py:1;src/web_artifacts/services.py:18;src/web_artifacts/services.py:23
web/src/api/resources.ts,265,7,2,Web frontend,MULTIPLE,R7,PROD_CONDITIONAL,,web/src/api/resources.ts:1
src/sandbox/tools/local/reminder.py,263,2,9,Tool runtime / workspace execution,P3,R1;R4;R5,PROD_CONDITIONAL,,src/sandbox/tools/local/reminder.py:1;src/sandbox/tools/local/reminder.py:101;src/sandbox/tools/local/reminder.py:114;src/sandbox/tools/local/reminder.py:24;src/sandbox/tools/local/reminder.py:34;src/sandbox/tools/local/reminder.py:49;src/sandbox/tools/local/reminder.py:56;src/sandbox/tools/local/reminder.py:64;src/sandbox/tools/local/reminder.py:96
src/agent_execution/run_budget.py,261,8,7,Run budget accounting,MULTIPLE,R1;R3;R5;R6,PROD_CONDITIONAL,,src/agent_execution/run_budget.py:1;src/agent_execution/run_budget.py:21;src/agent_execution/run_budget.py:25;src/agent_execution/run_budget.py:29;src/agent_execution/run_budget.py:34;src/agent_execution/run_budget.py:42;src/agent_execution/run_budget.py:55;src/agent_execution/run_budget.py:63
src/sandbox/tools/local/file_read.py,259,3,10,Tool runtime / workspace execution,P3,R1;R4;R5,PROD_CONDITIONAL,,src/sandbox/tools/local/file_read.py:1;src/sandbox/tools/local/file_read.py:24;src/sandbox/tools/local/file_read.py:28;src/sandbox/tools/local/file_read.py:32;src/sandbox/tools/local/file_read.py:38;src/sandbox/tools/local/file_read.py:43;src/sandbox/tools/local/file_read.py:49;src/sandbox/tools/local/file_read.py:54;src/sandbox/tools/local/file_read.py:62
src/application/context_assembly.py,258,6,12,Application use cases,MULTIPLE,R1;R4;R5,PROD_CONDITIONAL,,src/application/context_assembly.py:1;src/application/context_assembly.py:20;src/application/context_assembly.py:24;src/application/context_assembly.py:31;src/application/context_assembly.py:40;src/application/context_assembly.py:53
src/sandbox/git_repo.py,251,5,5,Tool runtime / workspace execution,P3,R1;R5,PROD_CONDITIONAL,,src/sandbox/git_repo.py:1;src/sandbox/git_repo.py:20
src/agent/types.py,249,26,4,Mixed protocol / experimental Multi-Agent,NONE,,EXPERIMENTAL_REJECTED,EXPERIMENTAL_CODE;HIGH_FAN_IN;PRODUCTION_REJECTED,src/agent/types.py:1;src/agent/types.py:109;src/agent/types.py:125;src/agent/types.py:137;src/agent/types.py:23;src/agent/types.py:39;src/agent/types.py:54;src/agent/types.py:71;src/agent/types.py:90;src/orchestration/worker.py:803;src/agent/__init__.py:16
src/orchestration/workflow.py,248,2,6,Process lifecycle & Temporal,MULTIPLE,R1,PROD_CONDITIONAL,,src/orchestration/workflow.py:1;src/orchestration/workflow.py:208;src/orchestration/workflow.py:23;src/orchestration/workflow.py:231
src/application/conversation.py,247,4,9,Application use cases,MULTIPLE,R1,PROD_CONDITIONAL,,src/application/conversation.py:1;src/application/conversation.py:25;src/application/conversation.py:41
src/file_domain/approvals.py,243,6,13,File contracts & persistence,P5,R1;R2;R3;R4;R5,PROD_CONDITIONAL,,src/file_domain/approvals.py:1;src/file_domain/approvals.py:24;src/file_domain/approvals.py:28;src/file_domain/approvals.py:33;src/file_domain/approvals.py:47;src/file_domain/approvals.py:53
src/research_adapters/web.py,243,2,12,Research external providers,P6,R1;R3;R5,PROD_CONDITIONAL,,src/research_adapters/web.py:1;src/research_adapters/web.py:111;src/research_adapters/web.py:147;src/research_adapters/web.py:22;src/research_adapters/web.py:29
web/src/store/artifacts.ts,241,6,5,Web frontend,S1,R7,PROD_CONDITIONAL,,web/src/store/artifacts.ts:1
src/agent_execution/tracing/sink.py,240,2,9,Run trace persistence and events,S2,R1;R4;R5,PROD_CONDITIONAL,,src/agent_execution/tracing/sink.py:1;src/agent_execution/tracing/sink.py:17;src/agent_execution/tracing/sink.py:41;src/agent_execution/tracing/sink.py:45;src/agent_execution/tracing/sink.py:78
src/agent/orchestrator.py,239,9,8,Mixed protocol / experimental Multi-Agent,NONE,,EXPERIMENTAL_REJECTED,EXPERIMENTAL_CODE;PRODUCTION_REJECTED,src/agent/orchestrator.py:1;src/agent/orchestrator.py:39;src/orchestration/worker.py:803;src/agent/__init__.py:16
src/application/memory.py,235,1,4,Application use cases,MULTIPLE,R1;R5,PROD_CONDITIONAL,,src/application/memory.py:1;src/application/memory.py:16
src/agent_execution/web_events.py,226,5,9,Agent execution hosts & tracing,MULTIPLE,R1;R2;R5,PROD_CONDITIONAL,,src/agent_execution/web_events.py:1;src/agent_execution/web_events.py:51;src/agent_execution/web_events.py:59;src/agent_execution/web_events.py:63;src/agent_execution/web_events.py:71
src/research_adapters/discovery.py,221,2,13,Research external providers,P6,R1;R3;R5,PROD_CONDITIONAL,,src/research_adapters/discovery.py:1;src/research_adapters/discovery.py:148;src/research_adapters/discovery.py:20;src/research_adapters/discovery.py:26;src/research_adapters/discovery.py:40;src/research_adapters/discovery.py:96
src/agent/runner.py,216,2,8,Mixed protocol / experimental Multi-Agent,NONE,,EXPERIMENTAL_REJECTED,EXPERIMENTAL_CODE;PRODUCTION_REJECTED,src/agent/runner.py:1;src/agent/runner.py:41;src/orchestration/worker.py:803;src/agent/__init__.py:16
src/orchestration/durable_web_workflow.py,215,6,9,Process lifecycle & Temporal,MULTIPLE,R1;R3;R5,PROD_CONDITIONAL,ARCHITECTURE_DRIFT;HISTORY_COMPATIBILITY;MIGRATION_GATE,src/orchestration/durable_web_workflow.py:1;src/orchestration/durable_web_workflow.py:44;src/orchestration/durable_web_workflow.py:50;src/orchestration/durable_web_workflow.py:71;src/orchestration/durable_web_workflow.py:75;src/orchestration/durable_web_workflow.py:86
src/agent/llm_agent.py,208,3,7,Mixed protocol / experimental Multi-Agent,NONE,,EXPERIMENTAL_REJECTED,EXPERIMENTAL_CODE;PRODUCTION_REJECTED,src/agent/llm_agent.py:1;src/agent/llm_agent.py:30;src/orchestration/worker.py:803;src/agent/__init__.py:16
src/agent_workflows/plan_execute.py,208,6,7,Durable Agent control flow,MULTIPLE,R1;R3;R4;R5,PROD_CONDITIONAL,,src/agent_workflows/plan_execute.py:1;src/agent_workflows/plan_execute.py:27
src/document_activities/runtime.py,206,1,13,Heavy document execution,P5,R6,PROD_CONDITIONAL,,src/document_activities/runtime.py:1;src/document_activities/runtime.py:22
src/orchestration/web_workflow.py,206,19,8,Process lifecycle & Temporal,MULTIPLE,R1;R3;R4;R5,PROD_CONDITIONAL,HIGH_FAN_IN;HISTORY_COMPATIBILITY;MIGRATION_GATE,src/orchestration/web_workflow.py:1;src/orchestration/web_workflow.py:33;src/orchestration/web_workflow.py:46;src/orchestration/web_workflow.py:52;src/orchestration/web_workflow.py:86
web/src/adapters/assistant-ui/HpThread.tsx,205,1,9,Web frontend,P1,R7,PROD_CONDITIONAL,,web/src/adapters/assistant-ui/HpThread.tsx:1
src/sandbox/sandbox.py,204,2,8,Tool runtime / workspace execution,P3,R1;R4;R5,PROD_CONDITIONAL,,src/sandbox/sandbox.py:1;src/sandbox/sandbox.py:23
src/file_adapters/writers.py,198,1,8,Document format providers,P5,R1;R4;R5,PROD_CONDITIONAL,,src/file_adapters/writers.py:1;src/file_adapters/writers.py:101;src/file_adapters/writers.py:12;src/file_adapters/writers.py:146;src/file_adapters/writers.py:24;src/file_adapters/writers.py:31
src/orchestration/web_workers.py,197,9,20,Process lifecycle & Temporal,MULTIPLE,R1;R5,PROD_CONDITIONAL,HIGH_FAN_OUT;HISTORY_COMPATIBILITY;MIGRATION_GATE,src/orchestration/web_workers.py:1;src/orchestration/web_workers.py:108;src/orchestration/web_workers.py:152;src/orchestration/web_workers.py:53;src/orchestration/web_workers.py:58;src/orchestration/web_workers.py:80
src/workspace/file_scope.py,196,22,10,Run file execution scope,P5,R1;R3;R4;R5;R6,PROD_CONDITIONAL,HIGH_FAN_IN,src/workspace/file_scope.py:1;src/workspace/file_scope.py:16;src/workspace/file_scope.py:21;src/workspace/file_scope.py:32;src/workspace/file_scope.py:55
src/application/reply.py,193,2,7,Application use cases,MULTIPLE,R1;R5,PROD_CONDITIONAL,,src/application/reply.py:1;src/application/reply.py:23
src/agent_execution/tracing/repository.py,192,5,10,Run trace persistence and events,S2,R1;R2;R3;R5;R6,PROD_CONDITIONAL,,src/agent_execution/tracing/repository.py:1;src/agent_execution/tracing/repository.py:19
src/brain/engine.py,192,3,5,Model decisions,P3,R1;R4;R5,PROD_CONDITIONAL,,src/brain/engine.py:1;src/brain/engine.py:19
src/storage/redis.py,192,2,6,Storage adapters,MULTIPLE,R1;R5,PROD_CONDITIONAL,,src/storage/redis.py:1;src/storage/redis.py:26;src/storage/redis.py:91
src/agent_workflows/react.py,191,8,7,Durable Agent control flow,MULTIPLE,R1;R3;R4;R5,PROD_CONDITIONAL,,src/agent_workflows/react.py:1;src/agent_workflows/react.py:44;src/agent_workflows/react.py:53;src/agent_workflows/react.py:73
src/orchestration/research_workflow.py,191,13,8,Fixed Research control flow,P6,R1;R3;R5,PROD_CONDITIONAL,,src/orchestration/research_workflow.py:1;src/orchestration/research_workflow.py:106;src/orchestration/research_workflow.py:23;src/orchestration/research_workflow.py:33;src/orchestration/research_workflow.py:48;src/orchestration/research_workflow.py:64;src/orchestration/research_workflow.py:82
src/research_domain/models.py,191,12,6,Research commands & persistence,P6,R1;R2;R3;R5,PROD_CONDITIONAL,,src/research_domain/models.py:1;src/research_domain/models.py:112;src/research_domain/models.py:132;src/research_domain/models.py:144;src/research_domain/models.py:18;src/research_domain/models.py:60;src/research_domain/models.py:67;src/research_domain/models.py:86;src/research_domain/models.py:98
src/orchestration/web_worker.py,188,0,15,Process lifecycle & Temporal,MULTIPLE,R5,PROD_CONDITIONAL,PRODUCTION_REJECTED,src/orchestration/web_worker.py:1;src/orchestration/web_worker.py:182;src/orchestration/web_worker.py:72
src/agent_execution/facade.py,186,16,5,Agent execution hosts & tracing,MULTIPLE,R1;R4;R5,PROD_CONDITIONAL,HIGH_FAN_IN,src/agent_execution/facade.py:1;src/agent_execution/facade.py:10;src/agent_execution/facade.py:113;src/agent_execution/facade.py:17;src/agent_execution/facade.py:33;src/agent_execution/facade.py:39;src/agent_execution/facade.py:48;src/agent_execution/facade.py:59;src/agent_execution/facade.py:79
src/sandbox/tools/skills/engine.py,186,2,5,Tool runtime / workspace execution,P3,R1;R4;R5,PROD_CONDITIONAL,,src/sandbox/tools/skills/engine.py:1;src/sandbox/tools/skills/engine.py:106;src/sandbox/tools/skills/engine.py:139;src/sandbox/tools/skills/engine.py:16;src/sandbox/tools/skills/engine.py:162;src/sandbox/tools/skills/engine.py:93
src/web_api/config.py,184,10,4,Web HTTP / authentication / SSE,MULTIPLE,R2,PROD_CONDITIONAL,,src/web_api/config.py:1;src/web_api/config.py:13;src/web_api/config.py:8
src/web_api/fake_executor.py,184,1,13,Web development execution simulator,NONE,R2,DEV_ONLY,DEV_ONLY_USAGE,src/web_api/fake_executor.py:1;src/web_api/fake_executor.py:142;src/web_api/fake_executor.py:152;src/web_api/fake_executor.py:19
src/resources/credentials.py,181,5,4,Model / retrieval infrastructure,P3,R1;R5,PROD_CONDITIONAL,,src/resources/credentials.py:1;src/resources/credentials.py:19;src/resources/credentials.py:31;src/resources/credentials.py:50
src/sandbox/nsjail.py,181,4,10,Tool runtime / workspace execution,P3,R1;R4;R5,PROD_CONDITIONAL,,src/sandbox/nsjail.py:1;src/sandbox/nsjail.py:26;src/sandbox/nsjail.py:89
src/agent/factory.py,177,3,10,Mixed protocol / experimental Multi-Agent,NONE,,EXPERIMENTAL_REJECTED,EXPERIMENTAL_CODE;PRODUCTION_REJECTED,src/agent/factory.py:1;src/agent/factory.py:113;src/agent/factory.py:152;src/agent/factory.py:40;src/agent/factory.py:78;src/orchestration/worker.py:803;src/agent/__init__.py:16
web/src/components/ChatPane.tsx,175,1,10,Web frontend,MULTIPLE,R7,PROD_CONDITIONAL,,web/src/components/ChatPane.tsx:1
web/src/components/trace/traceStore.ts,174,7,5,Web frontend,S2,R7,PROD_CONDITIONAL,,web/src/components/trace/traceStore.ts:1
src/agent_execution/web_host.py,173,6,10,Agent execution hosts & tracing,MULTIPLE,R1;R4;R5,PROD_CONDITIONAL,,src/agent_execution/web_host.py:1;src/agent_execution/web_host.py:27;src/agent_execution/web_host.py:31;src/agent_execution/web_host.py:35;src/agent_execution/web_host.py:39;src/agent_execution/web_host.py:52
src/web_api/terminal_publisher.py,167,1,11,Web terminal outbox projection,S2,R2,PROD_CONDITIONAL,,src/web_api/terminal_publisher.py:1;src/web_api/terminal_publisher.py:41
web/src/App.test.tsx,167,0,6,Web frontend,P1,,TEST_ONLY,,web/src/App.test.tsx:1
src/application/ingress.py,165,3,6,Application use cases,MULTIPLE,R1,PROD_CONDITIONAL,,src/application/ingress.py:1;src/application/ingress.py:27
src/agent_execution/web_adapters.py,159,4,12,Agent execution hosts & tracing,MULTIPLE,R1;R4;R5,PROD_CONDITIONAL,,src/agent_execution/web_adapters.py:1;src/agent_execution/web_adapters.py:112;src/agent_execution/web_adapters.py:120;src/agent_execution/web_adapters.py:25;src/agent_execution/web_adapters.py:45
src/web_api/auth.py,159,2,14,Web HTTP / authentication / SSE,MULTIPLE,R2,PROD_CONDITIONAL,,src/web_api/auth.py:1;src/web_api/auth.py:21;src/web_api/auth.py:25;src/web_api/auth.py:49;src/web_api/auth.py:60
web/src/store/artifacts.test.ts,157,0,5,Web frontend,S1,,TEST_ONLY,,web/src/store/artifacts.test.ts:1
web/src/sse/sseClient.test.ts,155,0,2,Web frontend,S2,,TEST_ONLY,,web/src/sse/sseClient.test.ts:1
src/session/db.py,153,4,5,Workspace metadata persistence,P3,R1;R5,PROD_CONDITIONAL,,src/session/db.py:1;src/session/db.py:43
src/resources/reranker.py,152,1,8,Model / retrieval infrastructure,P3,R1;R5,PROD_CONDITIONAL,,src/resources/reranker.py:1;src/resources/reranker.py:119;src/resources/reranker.py:27;src/resources/reranker.py:34
src/web_domain/lifecycle.py,150,8,9,Web transactional domain,MULTIPLE,R1;R3;R4;R5,PROD_CONDITIONAL,,src/web_domain/lifecycle.py:1;src/web_domain/lifecycle.py:18;src/web_domain/lifecycle.py:28;src/web_domain/lifecycle.py:33
src/agent/interfaces.py,149,17,4,Mixed protocol / experimental Multi-Agent,NONE,,EXPERIMENTAL_REJECTED,EXPERIMENTAL_CODE;HIGH_FAN_IN;PRODUCTION_REJECTED,src/agent/interfaces.py:1;src/agent/interfaces.py:110;src/agent/interfaces.py:129;src/agent/interfaces.py:29;src/agent/interfaces.py:65;src/orchestration/worker.py:803;src/agent/__init__.py:16
web/src/sse/sseClient.ts,149,2,0,Web frontend,S2,R7,PROD_CONDITIONAL,,web/src/sse/sseClient.ts:1
src/file_runtime/output.py,148,3,8,File routing & publication,MULTIPLE,R1;R3;R4;R5,PROD_CONDITIONAL,,src/file_runtime/output.py:1;src/file_runtime/output.py:18;src/file_runtime/output.py:29
src/application/memory_retention.py,146,3,9,Application use cases,MULTIPLE,R1;R5,PROD_CONDITIONAL,,src/application/memory_retention.py:1;src/application/memory_retention.py:26;src/application/memory_retention.py:39
src/harness/prompts.py,146,2,4,Prompt configuration adapter,P3,R1;R4;R5,PROD_CONDITIONAL,,src/harness/prompts.py:1;src/harness/prompts.py:28
src/storage/file_store.py,146,4,6,General workspace/archive file adapter,MULTIPLE,R1;R5,PROD_CONDITIONAL,,src/storage/file_store.py:1;src/storage/file_store.py:143;src/storage/file_store.py:18
src/resources/embedding.py,145,1,7,Model / retrieval infrastructure,P3,R1;R5,PROD_CONDITIONAL,,src/resources/embedding.py:1;src/resources/embedding.py:114;src/resources/embedding.py:27
web/src/App.tsx,145,2,12,Web frontend,MULTIPLE,R7,PROD_CONDITIONAL,,web/src/App.tsx:1
src/common/errors.py,144,6,2,Shared contracts / telemetry,MULTIPLE,R1;R4;R5,PROD_CONDITIONAL,,src/common/errors.py:1;src/common/errors.py:103;src/common/errors.py:114;src/common/errors.py:125;src/common/errors.py:136;src/common/errors.py:19;src/common/errors.py:44;src/common/errors.py:81;src/common/errors.py:92
src/sandbox/tools/skills/installer.py,139,1,7,Tool runtime / workspace execution,P3,,UNKNOWN,UNRESOLVED_DYNAMIC_EDGE,src/sandbox/tools/skills/installer.py:1;src/sandbox/tools/skills/installer.py:106;src/sandbox/tools/skills/installer.py:123;src/sandbox/tools/skills/installer.py:26;src/sandbox/tools/skills/installer.py:63
web/src/components/LoginForm.tsx,139,2,4,Web frontend,P2,R7,PROD_CONDITIONAL,,web/src/components/LoginForm.tsx:1
src/sandbox/tools/registry.py,136,4,7,Tool runtime / workspace execution,P3,R1;R4;R5,PROD_CONDITIONAL,,src/sandbox/tools/registry.py:1;src/sandbox/tools/registry.py:15
src/web_domain/outbox.py,136,10,9,Web transactional domain,MULTIPLE,R1;R2;R3;R5,PROD_CONDITIONAL,,src/web_domain/outbox.py:1;src/web_domain/outbox.py:33;src/web_domain/outbox.py:37
src/channels/console.py,131,1,3,QQ transport,P1,,UNKNOWN,ARCHITECTURE_DRIFT;UNRESOLVED_DYNAMIC_EDGE,src/channels/console.py:1;src/channels/console.py:25
src/account/bootstrap.py,129,2,8,Identity administration,P2,,OPS_ADMIN,OPS_ONLY_USAGE,src/account/bootstrap.py:1;src/account/bootstrap.py:100;src/account/bootstrap.py:109;src/account/bootstrap.py:27;src/account/bootstrap.py:34
src/agent/__init__.py,129,0,13,Mixed protocol / experimental Multi-Agent,MULTIPLE,,UNKNOWN,UNRESOLVED_DYNAMIC_EDGE,src/agent/__init__.py:1
web/src/components/trace/TraceTree.tsx,129,1,4,Web frontend,S2,R7,PROD_CONDITIONAL,,web/src/components/trace/TraceTree.tsx:1
src/application/session_archive.py,127,2,5,Application use cases,MULTIPLE,R1;R5,PROD_CONDITIONAL,,src/application/session_archive.py:1;src/application/session_archive.py:15
src/agent_workflows/agent_step.py,125,6,6,Durable Agent control flow,MULTIPLE,R1;R3;R4;R5,PROD_CONDITIONAL,,src/agent_workflows/agent_step.py:1;src/agent_workflows/agent_step.py:23
src/bootstrap/qq.py,125,1,18,Runtime composition,MULTIPLE,R1;R5,PROD_CONDITIONAL,,src/bootstrap/qq.py:1;src/bootstrap/qq.py:33;src/bootstrap/qq.py:44
web/src/components/RunStatus.test.tsx,124,0,4,Web frontend,S2,,TEST_ONLY,,web/src/components/RunStatus.test.tsx:1
web/src/components/RunStatus.tsx,120,2,6,Web frontend,S2,R7,PROD_CONDITIONAL,,web/src/components/RunStatus.tsx:1
src/common/logging.py,119,20,8,Shared contracts / telemetry,MULTIPLE,R1;R2;R3;R4;R5,PROD_CONDITIONAL,HIGH_FAN_IN,src/common/logging.py:1;src/common/logging.py:23;src/common/logging.py:47;src/common/logging.py:56
src/orchestration/web_reconciler.py,119,3,6,Process lifecycle & Temporal,MULTIPLE,R1;R5,PROD_CONDITIONAL,,src/orchestration/web_reconciler.py:1;src/orchestration/web_reconciler.py:13;src/orchestration/web_reconciler.py:20;src/orchestration/web_reconciler.py:24;src/orchestration/web_reconciler.py:31;src/orchestration/web_reconciler.py:36;src/orchestration/web_reconciler.py:97
src/account/postgres_account_service.py,117,5,6,Identity & credentials,P2,R1;R5,PROD_CONDITIONAL,DUAL_IMPLEMENTATION,src/account/postgres_account_service.py:1;src/account/postgres_account_service.py:31;src/account/postgres_account_service.py:47
src/web_domain/workflow_execution.py,117,5,6,Web transactional domain,MULTIPLE,R1;R3;R5,PROD_CONDITIONAL,,src/web_domain/workflow_execution.py:1;src/web_domain/workflow_execution.py:13
src/agent_workflows/tool_execution.py,115,13,6,Durable Agent control flow,MULTIPLE,R1;R2;R3;R4;R5,PROD_CONDITIONAL,,src/agent_workflows/tool_execution.py:1;src/agent_workflows/tool_execution.py:27;src/agent_workflows/tool_execution.py:33
src/sandbox/tools/routing/contracts.py,115,2,3,Tool runtime / workspace execution,P3,R1;R4;R5,PROD_CONDITIONAL,,src/sandbox/tools/routing/contracts.py:1;src/sandbox/tools/routing/contracts.py:16;src/sandbox/tools/routing/contracts.py:22;src/sandbox/tools/routing/contracts.py:30;src/sandbox/tools/routing/contracts.py:93
src/sandbox/tools/routing/models.py,113,10,5,Tool runtime / workspace execution,P3,R1;R4;R5,PROD_CONDITIONAL,,src/sandbox/tools/routing/models.py:1;src/sandbox/tools/routing/models.py:11;src/sandbox/tools/routing/models.py:17;src/sandbox/tools/routing/models.py:24;src/sandbox/tools/routing/models.py:31;src/sandbox/tools/routing/models.py:56;src/sandbox/tools/routing/models.py:61;src/sandbox/tools/routing/models.py:72;src/sandbox/tools/routing/models.py:82
src/orchestration/artifact_dispatcher.py,112,4,12,Process lifecycle & Temporal,MULTIPLE,R1;R3;R5,PROD_CONDITIONAL,,src/orchestration/artifact_dispatcher.py:1;src/orchestration/artifact_dispatcher.py:107;src/orchestration/artifact_dispatcher.py:21;src/orchestration/artifact_dispatcher.py:25;src/orchestration/artifact_dispatcher.py:47;src/orchestration/artifact_dispatcher.py:95
src/account/account_service.py,111,0,7,Legacy JSON identity,P2,,UNKNOWN,COMPATIBILITY_UNKNOWN;DUAL_IMPLEMENTATION;UNRESOLVED_DYNAMIC_EDGE,src/account/account_service.py:1;src/account/account_service.py:21
src/common/interfaces.py,111,4,3,Shared contracts / telemetry,MULTIPLE,,UNKNOWN,UNRESOLVED_DYNAMIC_EDGE,src/common/interfaces.py:1;src/common/interfaces.py:16;src/common/interfaces.py:63
src/channels/base.py,110,4,4,QQ transport,P1,,UNKNOWN,UNRESOLVED_DYNAMIC_EDGE,src/channels/base.py:1;src/channels/base.py:32
src/file_domain/models.py,110,19,5,File contracts & persistence,P5,R1;R4;R5;R6,PROD_CONDITIONAL,HIGH_FAN_IN,src/file_domain/models.py:1;src/file_domain/models.py:12;src/file_domain/models.py:25;src/file_domain/models.py:53;src/file_domain/models.py:61;src/file_domain/models.py:74;src/file_domain/models.py:82;src/file_domain/models.py:91
web/src/components/ConversationSidebar.tsx,110,1,5,Web frontend,P1,R7,PROD_CONDITIONAL,,web/src/components/ConversationSidebar.tsx:1
src/agent_execution/tracing/metadata.py,106,3,4,Run trace persistence and events,S2,R1;R3;R5;R6,PROD_CONDITIONAL,,src/agent_execution/tracing/metadata.py:1;src/agent_execution/tracing/metadata.py:101;src/agent_execution/tracing/metadata.py:47;src/agent_execution/tracing/metadata.py:63;src/agent_execution/tracing/metadata.py:77;src/agent_execution/tracing/metadata.py:89
src/orchestration/research_schedule.py,106,2,8,Research schedule reconciliation,P6,R1,PROD_CONDITIONAL,,src/orchestration/research_schedule.py:1;src/orchestration/research_schedule.py:28;src/orchestration/research_schedule.py:96
src/web_domain/run_usage_projection.py,106,5,5,Web transactional domain,MULTIPLE,R2,PROD_CONDITIONAL,,src/web_domain/run_usage_projection.py:1;src/web_domain/run_usage_projection.py:15;src/web_domain/run_usage_projection.py:92
src/storage/protocols.py,105,3,5,Storage adapters,MULTIPLE,,UNKNOWN,UNRESOLVED_DYNAMIC_EDGE,src/storage/protocols.py:1;src/storage/protocols.py:21;src/storage/protocols.py:25;src/storage/protocols.py:45;src/storage/protocols.py:61;src/storage/protocols.py:82
web/src/components/QQBindingPanel.tsx,105,1,3,Web frontend,P2,R7,PROD_CONDITIONAL,,web/src/components/QQBindingPanel.tsx:1
src/file_adapters/docling.py,104,2,4,Document format providers,P5,R6,PROD_CONDITIONAL,,src/file_adapters/docling.py:1;src/file_adapters/docling.py:16
src/orchestration/memory_retention_worker.py,101,2,8,Web memory outbox consumer,P2,R1;R3;R5,PROD_CONDITIONAL,,src/orchestration/memory_retention_worker.py:1;src/orchestration/memory_retention_worker.py:28;src/orchestration/memory_retention_worker.py:57
src/agent/adapters.py,100,2,6,Mixed protocol / experimental Multi-Agent,NONE,,EXPERIMENTAL_REJECTED,EXPERIMENTAL_CODE;PRODUCTION_REJECTED,src/agent/adapters.py:1;src/agent/adapters.py:24;src/orchestration/worker.py:803;src/agent/__init__.py:16
src/harness/activities.py,100,2,6,QQ Temporal application adapter,MULTIPLE,R1,PROD_CONDITIONAL,,src/harness/activities.py:1;src/harness/activities.py:17;src/harness/activities.py:34;src/harness/activities.py:41;src/harness/activities.py:65;src/harness/activities.py:81;src/harness/activities.py:87;src/harness/activities.py:93
src/agent_activities/persistent_overwrite.py,99,2,10,Durable persistent file overwrite,P5,R1;R4;R5,PROD_CONDITIONAL,,src/agent_activities/persistent_overwrite.py:1;src/agent_activities/persistent_overwrite.py:22
web/src/components/trace/TraceDetail.tsx,99,1,1,Web frontend,S2,R7,PROD_CONDITIONAL,,web/src/components/trace/TraceDetail.tsx:1
src/agent/protocol.py,94,7,3,Agent runtime contracts,P3,R1;R4;R5,PROD_CONDITIONAL,NAME_RESPONSIBILITY_DRIFT,src/agent/protocol.py:1;src/agent/protocol.py:10;src/agent/protocol.py:35;src/agent/protocol.py:58
src/sandbox/tools/skills/skillmd.py,94,3,4,Tool runtime / workspace execution,P3,R1;R5,PROD_CONDITIONAL,,src/sandbox/tools/skills/skillmd.py:1;src/sandbox/tools/skills/skillmd.py:17;src/sandbox/tools/skills/skillmd.py:31;src/sandbox/tools/skills/skillmd.py:51;src/sandbox/tools/skills/skillmd.py:67
web/src/components/ArtifactPanel.tsx,93,1,4,Web frontend,S1,R7,PROD_CONDITIONAL,,web/src/components/ArtifactPanel.tsx:1
web/src/components/ApprovalCard.tsx,92,2,6,Web frontend,P5,R7,PROD_CONDITIONAL,,web/src/components/ApprovalCard.tsx:1
src/session/models.py,90,5,4,QQ state / workspace metadata,MULTIPLE,R1,PROD_CONDITIONAL,,src/session/models.py:1;src/session/models.py:11;src/session/models.py:18
src/web_artifacts/build.py,90,4,6,Artifact versions,S1,R1;R2;R3;R5,PROD_CONDITIONAL,,src/web_artifacts/build.py:1;src/web_artifacts/build.py:14
src/workspace/file_capability_config.py,90,2,6,Workspace isolation / run file scope,MULTIPLE,R1;R5,PROD_CONDITIONAL,,src/workspace/file_capability_config.py:1;src/workspace/file_capability_config.py:12;src/workspace/file_capability_config.py:23
src/account/credentials.py,87,2,7,Identity & credentials,P2,R2,PROD_CONDITIONAL,,src/account/credentials.py:1;src/account/credentials.py:14;src/account/credentials.py:18;src/account/credentials.py:24;src/account/credentials.py:72
src/persistence/uow.py,87,42,6,PostgreSQL runtime,MULTIPLE,R1;R2;R3;R4;R5;R6,PROD_CONDITIONAL,HIGH_FAN_IN,src/persistence/uow.py:1;src/persistence/uow.py:14;src/persistence/uow.py:33
web/src/adapters/assistant-ui/runtime.ts,86,1,4,Web frontend,P1,R7,PROD_CONDITIONAL,,web/src/adapters/assistant-ui/runtime.ts:1
src/agent/context.py,84,18,5,Mixed protocol / experimental Multi-Agent,NONE,,EXPERIMENTAL_REJECTED,EXPERIMENTAL_CODE;HIGH_FAN_IN;PRODUCTION_REJECTED,src/agent/context.py:1;src/agent/context.py:18;src/agent/context.py:24;src/agent/context.py:71;src/agent/context.py:79;src/orchestration/worker.py:803;src/agent/__init__.py:16
src/main.py,84,0,9,Repository / operations,NONE,R1,PROD_DIRECT,,src/main.py:1;src/main.py:55;src/main.py:78
src/sandbox/tools/local/grep.py,84,2,7,Tool runtime / workspace execution,P3,R1;R4;R5,PROD_CONDITIONAL,,src/sandbox/tools/local/grep.py:1;src/sandbox/tools/local/grep.py:11;src/sandbox/tools/local/grep.py:18
web/src/adapters/assistant-ui/types.test.ts,84,0,3,Web frontend,P1,,TEST_ONLY,,web/src/adapters/assistant-ui/types.test.ts:1
src/agent/composite.py,83,3,6,Mixed protocol / experimental Multi-Agent,NONE,,EXPERIMENTAL_REJECTED,EXPERIMENTAL_CODE;PRODUCTION_REJECTED,src/agent/composite.py:1;src/agent/composite.py:22;src/orchestration/worker.py:803;src/agent/__init__.py:16
web/src/components/trace/traceStore.test.ts,82,0,3,Web frontend,S2,,TEST_ONLY,,web/src/components/trace/traceStore.test.ts:1
web/src/store/auth.ts,80,5,2,Web frontend,P2,R7,PROD_CONDITIONAL,,web/src/store/auth.ts:1
src/common/token_counter.py,79,5,2,Shared contracts / telemetry,MULTIPLE,R1;R4;R5,PROD_CONDITIONAL,,src/common/token_counter.py:1;src/common/token_counter.py:21;src/common/token_counter.py:51;src/common/token_counter.py:69
src/web_api/models.py,79,3,4,Web API request contracts,MULTIPLE,R2,PROD_CONDITIONAL,,src/web_api/models.py:1;src/web_api/models.py:13;src/web_api/models.py:19;src/web_api/models.py:24;src/web_api/models.py:28;src/web_api/models.py:39;src/web_api/models.py:46;src/web_api/models.py:53;src/web_api/models.py:9
web/src/components/ApprovalCard.test.tsx,79,0,5,Web frontend,P5,,TEST_ONLY,,web/src/components/ApprovalCard.test.tsx:1
src/agent_execution/tracing/instrumentation.py,78,1,4,Run trace persistence and events,S2,R1;R3;R4;R5,PROD_CONDITIONAL,,src/agent_execution/tracing/instrumentation.py:1;src/agent_execution/tracing/instrumentation.py:10;src/agent_execution/tracing/instrumentation.py:30;src/agent_execution/tracing/instrumentation.py:57
src/channels/router.py,77,3,3,QQ transport,P1,R1;R5,PROD_CONDITIONAL,,src/channels/router.py:1;src/channels/router.py:33
src/web_artifacts/generator.py,77,4,3,Artifact versions,S1,R1;R2;R3;R5,PROD_CONDITIONAL,,src/web_artifacts/generator.py:1;src/web_artifacts/generator.py:13;src/web_artifacts/generator.py:24;src/web_artifacts/generator.py:7
src/research_adapters/synthesis.py,76,2,4,Research external providers,P6,R1;R3;R5,PROD_CONDITIONAL,,src/research_adapters/synthesis.py:1;src/research_adapters/synthesis.py:11
src/web_domain/sessions.py,76,3,7,Web transactional domain,MULTIPLE,R1;R2;R3;R5,PROD_CONDITIONAL,,src/web_domain/sessions.py:1;src/web_domain/sessions.py:20
src/agent_execution/audit.py,75,1,4,Agent execution hosts & tracing,MULTIPLE,R1;R5,PROD_CONDITIONAL,,src/agent_execution/audit.py:1;src/agent_execution/audit.py:12;src/agent_execution/audit.py:23
src/web_domain/file_cleanup.py,75,3,6,Web transactional domain,MULTIPLE,R1,PROD_CONDITIONAL,,src/web_domain/file_cleanup.py:1;src/web_domain/file_cleanup.py:13;src/web_domain/file_cleanup.py:19
web/src/components/trace/TracePanel.tsx,75,1,5,Web frontend,S2,R7,PROD_CONDITIONAL,,web/src/components/trace/TracePanel.tsx:1
src/account/registration_service.py,74,2,9,Identity & credentials,P2,R2,PROD_CONDITIONAL,,src/account/registration_service.py:1;src/account/registration_service.py:18;src/account/registration_service.py:22;src/account/registration_service.py:26;src/account/registration_service.py:30;src/account/registration_service.py:35;src/account/registration_service.py:41
src/agent/registry.py,74,8,3,Mixed protocol / experimental Multi-Agent,NONE,,EXPERIMENTAL_REJECTED,EXPERIMENTAL_CODE;PRODUCTION_REJECTED,src/agent/registry.py:1;src/agent/registry.py:13;src/orchestration/worker.py:803;src/agent/__init__.py:16
src/web_artifacts/outbox.py,72,4,5,Artifact versions,S1,R1;R2;R3;R5,PROD_CONDITIONAL,,src/web_artifacts/outbox.py:1;src/web_artifacts/outbox.py:10
src/agent/bus.py,71,8,4,Mixed protocol / experimental Multi-Agent,NONE,,EXPERIMENTAL_REJECTED,EXPERIMENTAL_CODE;PRODUCTION_REJECTED,src/agent/bus.py:1;src/agent/bus.py:14;src/orchestration/worker.py:803;src/agent/__init__.py:16
src/web_api/security.py,71,3,8,Web HTTP / authentication / SSE,MULTIPLE,R2,PROD_CONDITIONAL,,src/web_api/security.py:1;src/web_api/security.py:12;src/web_api/security.py:16;src/web_api/security.py:20;src/web_api/security.py:24;src/web_api/security.py:28;src/web_api/security.py:33;src/web_api/security.py:37
src/sandbox/tools/local/bash.py,70,1,7,Tool runtime / workspace execution,P3,R1;R4;R5,PROD_CONDITIONAL,,src/sandbox/tools/local/bash.py:1;src/sandbox/tools/local/bash.py:14;src/sandbox/tools/local/bash.py:20
src/sandbox/tools/local/fs_read.py,68,2,4,Tool runtime / workspace execution,P3,R1;R4;R5,PROD_CONDITIONAL,,src/sandbox/tools/local/fs_read.py:1;src/sandbox/tools/local/fs_read.py:15;src/sandbox/tools/local/fs_read.py:9
src/web_domain/errors.py,68,22,0,Web transactional domain,MULTIPLE,R1;R2;R3;R4;R5,PROD_CONDITIONAL,HIGH_FAN_IN,src/web_domain/errors.py:1;src/web_domain/errors.py:13;src/web_domain/errors.py:17;src/web_domain/errors.py:21;src/web_domain/errors.py:25;src/web_domain/errors.py:29;src/web_domain/errors.py:5;src/web_domain/errors.py:9
src/file_adapters/docx.py,67,1,4,Document format providers,P5,R1;R4;R5,PROD_CONDITIONAL,,src/file_adapters/docx.py:1;src/file_adapters/docx.py:10
src/file_runtime/registry.py,66,2,4,File routing & publication,MULTIPLE,R1;R4;R5,PROD_CONDITIONAL,,src/file_runtime/registry.py:1;src/file_runtime/registry.py:12;src/file_runtime/registry.py:20
src/file_adapters/pdf.py,65,1,5,Document format providers,P5,R1;R4;R5,PROD_CONDITIONAL,,src/file_adapters/pdf.py:1;src/file_adapters/pdf.py:10
src/file_adapters/gotenberg.py,62,1,5,Document format providers,P5,R1;R4;R5,PROD_CONDITIONAL,,src/file_adapters/gotenberg.py:1;src/file_adapters/gotenberg.py:13
src/file_domain/serialization.py,61,3,3,File contracts & persistence,P5,R6,PROD_CONDITIONAL,,src/file_domain/serialization.py:1;src/file_domain/serialization.py:10;src/file_domain/serialization.py:29
src/sandbox/tools/local/fs_edit.py,61,1,5,Tool runtime / workspace execution,P3,R1;R4;R5,PROD_CONDITIONAL,,src/sandbox/tools/local/fs_edit.py:1;src/sandbox/tools/local/fs_edit.py:10;src/sandbox/tools/local/fs_edit.py:16
src/agent_execution/tracing/lifecycle.py,58,1,5,Run trace persistence and events,S2,R1;R5,PROD_CONDITIONAL,,src/agent_execution/tracing/lifecycle.py:1;src/agent_execution/tracing/lifecycle.py:10;src/agent_execution/tracing/lifecycle.py:30
src/file_runtime/routing.py,58,2,8,File routing & publication,MULTIPLE,R1;R5,PROD_CONDITIONAL,,src/file_runtime/routing.py:1;src/file_runtime/routing.py:22
src/persistence/migrate.py,57,5,5,Database migration operations,MULTIPLE,R8,OPS_ADMIN,OPS_ONLY_USAGE,src/persistence/migrate.py:1;src/persistence/migrate.py:11
src/orchestration/document_worker.py,56,1,12,Heavy document process composition,P5,R6,PROD_CONDITIONAL,ARCHITECTURE_DRIFT,src/orchestration/document_worker.py:1;src/orchestration/document_worker.py:20;src/orchestration/document_worker.py:29;src/orchestration/document_worker.py:50
src/agent_activities/side_effects.py,55,4,4,Durable Agent data plane,MULTIPLE,R1;R4;R5,PROD_CONDITIONAL,,src/agent_activities/side_effects.py:1;src/agent_activities/side_effects.py:17;src/agent_activities/side_effects.py:22;src/agent_activities/side_effects.py:33;src/agent_activities/side_effects.py:38;src/agent_activities/side_effects.py:42;src/agent_activities/side_effects.py:47;src/agent_activities/side_effects.py:9
src/agent_execution/model_budget_context.py,55,5,6,Task-local model budget binding,MULTIPLE,R1;R3;R4;R5,PROD_CONDITIONAL,,src/agent_execution/model_budget_context.py:1;src/agent_execution/model_budget_context.py:12;src/agent_execution/model_budget_context.py:36;src/agent_execution/model_budget_context.py:54
src/application/identity_commands.py,54,2,7,Application use cases,MULTIPLE,R1,PROD_CONDITIONAL,,src/application/identity_commands.py:1;src/application/identity_commands.py:21;src/application/identity_commands.py:26
src/sandbox/tools/local/glob_.py,54,2,6,Tool runtime / workspace execution,P3,R1;R4;R5,PROD_CONDITIONAL,,src/sandbox/tools/local/glob_.py:1;src/sandbox/tools/local/glob_.py:11;src/sandbox/tools/local/glob_.py:16
src/account/models.py,53,2,3,Legacy account model,P2,,UNKNOWN,UNRESOLVED_DYNAMIC_EDGE,src/account/models.py:1;src/account/models.py:19
src/sandbox/tools/local/_path_utils.py,52,7,3,Tool runtime / workspace execution,P3,R1;R4;R5,PROD_CONDITIONAL,,src/sandbox/tools/local/_path_utils.py:1;src/sandbox/tools/local/_path_utils.py:41;src/sandbox/tools/local/_path_utils.py:50;src/sandbox/tools/local/_path_utils.py:6
src/agent_workflows/agent_run.py,51,8,7,Durable Agent control flow,MULTIPLE,R1;R3;R4;R5,PROD_CONDITIONAL,,src/agent_workflows/agent_run.py:1;src/agent_workflows/agent_run.py:21
src/sandbox/tools/routing/router.py,51,3,5,Tool runtime / workspace execution,P3,R1;R4;R5,PROD_CONDITIONAL,,src/sandbox/tools/routing/router.py:1;src/sandbox/tools/routing/router.py:9
web/src/components/LoginForm.test.tsx,51,0,5,Web frontend,P2,,TEST_ONLY,,web/src/components/LoginForm.test.tsx:1
src/file_adapters/xlsx.py,49,1,4,Document format providers,P5,R1;R4;R5,PROD_CONDITIONAL,,src/file_adapters/xlsx.py:1;src/file_adapters/xlsx.py:10
src/file_domain/persistence.py,49,1,5,Document PostgreSQL repository,P5,R6,PROD_CONDITIONAL,PACKAGE_BOUNDARY_CROSSING,src/file_domain/persistence.py:1;src/file_domain/persistence.py:12
src/file_runtime/resolver.py,49,2,8,File routing & publication,MULTIPLE,R1;R4;R5;R6,PROD_CONDITIONAL,,src/file_runtime/resolver.py:1;src/file_runtime/resolver.py:15
src/agent_execution/tracing/models.py,45,3,5,Run trace persistence and events,S2,R1;R2;R3;R5;R6,PROD_CONDITIONAL,,src/agent_execution/tracing/models.py:1;src/agent_execution/tracing/models.py:10;src/agent_execution/tracing/models.py:23;src/agent_execution/tracing/models.py:37;src/agent_execution/tracing/models.py:43
src/sandbox/tools/routing/policy.py,44,2,1,Tool runtime / workspace execution,P3,R1;R4;R5,PROD_CONDITIONAL,,src/sandbox/tools/routing/policy.py:1;src/sandbox/tools/routing/policy.py:7
web/src/components/ArtifactPreview.tsx,44,2,1,Web frontend,S1,R7,PROD_CONDITIONAL,,web/src/components/ArtifactPreview.tsx:1
src/file_adapters/pptx.py,43,1,4,Document format providers,P5,R1;R4;R5,PROD_CONDITIONAL,,src/file_adapters/pptx.py:1;src/file_adapters/pptx.py:10
src/agent/compensation.py,42,3,5,Mixed protocol / experimental Multi-Agent,NONE,,EXPERIMENTAL_REJECTED,EXPERIMENTAL_CODE;PRODUCTION_REJECTED,src/agent/compensation.py:1;src/agent/compensation.py:16;src/agent/compensation.py:25;src/orchestration/worker.py:803;src/agent/__init__.py:16
src/agent_execution/tracing/context.py,40,3,6,Run trace persistence and events,S2,R1;R3;R4;R5,PROD_CONDITIONAL,,src/agent_execution/tracing/context.py:1;src/agent_execution/tracing/context.py:13;src/agent_execution/tracing/context.py:25;src/agent_execution/tracing/context.py:29;src/agent_execution/tracing/context.py:35
web/src/adapters/assistant-ui/types.ts,40,2,2,Web frontend,P1,R7,PROD_CONDITIONAL,,web/src/adapters/assistant-ui/types.ts:1
src/channels/__init__.py,39,0,5,QQ transport,P1,,UNKNOWN,UNRESOLVED_DYNAMIC_EDGE,src/channels/__init__.py:1
src/common/model_usage.py,37,3,4,Shared contracts / telemetry,MULTIPLE,R1;R4;R5,PROD_CONDITIONAL,,src/common/model_usage.py:1;src/common/model_usage.py:10;src/common/model_usage.py:36
src/research_domain/providers.py,37,3,3,Research commands & persistence,P6,R1;R3;R5,PROD_CONDITIONAL,,src/research_domain/providers.py:1;src/research_domain/providers.py:10;src/research_domain/providers.py:14;src/research_domain/providers.py:24;src/research_domain/providers.py:28;src/research_domain/providers.py:32
src/common/__init__.py,36,0,3,Shared contracts / telemetry,MULTIPLE,,UNKNOWN,UNRESOLVED_DYNAMIC_EDGE,src/common/__init__.py:1
src/file_runtime/research_output.py,33,1,6,Research-to-file publication adapter,MULTIPLE,R1;R3;R5,PROD_CONDITIONAL,,src/file_runtime/research_output.py:1;src/file_runtime/research_output.py:13
src/file_adapters/markitdown.py,32,2,4,Document format providers,P5,R1;R4;R5,PROD_CONDITIONAL,,src/file_adapters/markitdown.py:1;src/file_adapters/markitdown.py:10
src/sandbox/tools/types.py,32,6,2,Tool runtime / workspace execution,P3,R1;R4;R5,PROD_CONDITIONAL,,src/sandbox/tools/types.py:1;src/sandbox/tools/types.py:12
src/orchestration/artifact_workflow.py,31,5,6,Process lifecycle & Temporal,MULTIPLE,R1;R3;R5,PROD_CONDITIONAL,,src/orchestration/artifact_workflow.py:1;src/orchestration/artifact_workflow.py:20
src/sandbox/tools/routing/context.py,30,1,3,Tool runtime / workspace execution,P3,R1;R4;R5,PROD_CONDITIONAL,,src/sandbox/tools/routing/context.py:1;src/sandbox/tools/routing/context.py:7
web/src/components/RegistrationQqGate.tsx,30,1,1,Web frontend,P2,R7,PROD_CONDITIONAL,,web/src/components/RegistrationQqGate.tsx:1
web/src/components/progressLabels.ts,30,1,0,Web frontend,P1,R7,PROD_CONDITIONAL,,web/src/components/progressLabels.ts:1
src/agent_execution/tracing/__init__.py,29,6,7,Run trace persistence and events,S2,,UNKNOWN,UNRESOLVED_DYNAMIC_EDGE,src/agent_execution/tracing/__init__.py:1
src/sandbox/tools/local/fs_write.py,28,1,5,Tool runtime / workspace execution,P3,R1;R4;R5,PROD_CONDITIONAL,,src/sandbox/tools/local/fs_write.py:1;src/sandbox/tools/local/fs_write.py:10;src/sandbox/tools/local/fs_write.py:15
src/sandbox/tools/routing/capability.py,28,2,1,Tool runtime / workspace execution,P3,R1;R4;R5,PROD_CONDITIONAL,,src/sandbox/tools/routing/capability.py:1;src/sandbox/tools/routing/capability.py:4
web/src/test/setup.ts,28,0,1,Web frontend,P1,,TEST_ONLY,,web/src/test/setup.ts:1
web/src/utils/idempotency.test.ts,28,0,2,Web frontend,P1,,TEST_ONLY,,web/src/utils/idempotency.test.ts:1
src/research_domain/__init__.py,27,0,1,Research commands & persistence,P6,,UNKNOWN,UNRESOLVED_DYNAMIC_EDGE,src/research_domain/__init__.py:1
web/src/utils/idempotency.ts,27,4,0,Web frontend,P1,R7,PROD_CONDITIONAL,,web/src/utils/idempotency.ts:1
src/account/identity.py,25,9,1,Identity & credentials,P2,R1;R2,PROD_CONDITIONAL,,src/account/identity.py:1;src/account/identity.py:11;src/account/identity.py:18;src/account/identity.py:7
src/document_activities/contracts.py,25,5,3,Heavy document execution,P5,,UNKNOWN,UNRESOLVED_DYNAMIC_EDGE,src/document_activities/contracts.py:1;src/document_activities/contracts.py:10;src/document_activities/contracts.py:18
src/orchestration/__init__.py,25,0,2,Process lifecycle & Temporal,MULTIPLE,,UNKNOWN,UNRESOLVED_DYNAMIC_EDGE,src/orchestration/__init__.py:1;src/orchestration/__init__.py:15
src/orchestration/web_reconcile_adapters.py,25,1,4,Process lifecycle & Temporal,MULTIPLE,R1;R5,PROD_CONDITIONAL,,src/orchestration/web_reconcile_adapters.py:1;src/orchestration/web_reconcile_adapters.py:10
src/research_adapters/__init__.py,25,1,3,Research external providers,P6,,UNKNOWN,UNRESOLVED_DYNAMIC_EDGE,src/research_adapters/__init__.py:1
src/sandbox/__init__.py,25,0,3,Tool runtime / workspace execution,P3,,UNKNOWN,UNRESOLVED_DYNAMIC_EDGE,src/sandbox/__init__.py:1
src/web_api/__main__.py,25,1,7,Web HTTP / authentication / SSE,MULTIPLE,R2,PROD_DIRECT,,src/web_api/__main__.py:1;src/web_api/__main__.py:14
src/file_domain/__init__.py,24,0,2,File contracts & persistence,P5,,UNKNOWN,UNRESOLVED_DYNAMIC_EDGE,src/file_domain/__init__.py:1
src/orchestration/document_workflow.py,24,5,6,Heavy document durable routing,P5,R1;R3;R5,PROD_CONDITIONAL,,src/orchestration/document_workflow.py:1;src/orchestration/document_workflow.py:15
src/sandbox/tools/routing/projector.py,24,2,2,Tool runtime / workspace execution,P3,R1;R4;R5,PROD_CONDITIONAL,,src/sandbox/tools/routing/projector.py:1;src/sandbox/tools/routing/projector.py:6
src/file_adapters/__init__.py,23,5,8,Document format providers,P5,,UNKNOWN,UNRESOLVED_DYNAMIC_EDGE,src/file_adapters/__init__.py:1
src/orchestration/artifact_activities.py,23,2,5,Process lifecycle & Temporal,MULTIPLE,R1;R3;R5,PROD_CONDITIONAL,,src/orchestration/artifact_activities.py:1;src/orchestration/artifact_activities.py:13;src/orchestration/artifact_activities.py:19
src/application/memory_reflection.py,22,2,2,Application use cases,MULTIPLE,R1;R5,PROD_CONDITIONAL,,src/application/memory_reflection.py:1;src/application/memory_reflection.py:7
src/sandbox/tools/local/__init__.py,21,1,7,Tool runtime / workspace execution,P3,,UNKNOWN,UNRESOLVED_DYNAMIC_EDGE,src/sandbox/tools/local/__init__.py:1
src/file_domain/providers.py,19,0,3,File contracts & persistence,P5,,UNKNOWN,UNRESOLVED_DYNAMIC_EDGE,src/file_domain/providers.py:1;src/file_domain/providers.py:10;src/file_domain/providers.py:14;src/file_domain/providers.py:18
src/workspace/__init__.py,19,0,1,Workspace isolation / run file scope,MULTIPLE,,UNKNOWN,UNRESOLVED_DYNAMIC_EDGE,src/workspace/__init__.py:1
web/src/main.tsx,19,0,6,Web frontend,P1,R7,PROD_DIRECT,,web/src/main.tsx:1
src/memory/__init__.py,17,0,1,Long-term / group memory adapters,P2,,UNKNOWN,UNRESOLVED_DYNAMIC_EDGE,src/memory/__init__.py:1
src/sandbox/tools/__init__.py,16,0,2,Tool runtime / workspace execution,P3,,UNKNOWN,UNRESOLVED_DYNAMIC_EDGE,src/sandbox/tools/__init__.py:1
src/session/__init__.py,16,0,4,QQ state / workspace metadata,MULTIPLE,,UNKNOWN,UNRESOLVED_DYNAMIC_EDGE,src/session/__init__.py:1
src/sandbox/tools/skills/__init__.py,15,0,3,Tool runtime / workspace execution,P3,,UNKNOWN,UNRESOLVED_DYNAMIC_EDGE,src/sandbox/tools/skills/__init__.py:1
src/storage/__init__.py,15,0,3,Storage adapters,MULTIPLE,,UNKNOWN,UNRESOLVED_DYNAMIC_EDGE,src/storage/__init__.py:1
src/resources/__init__.py,13,0,3,Model / retrieval infrastructure,P3,,UNKNOWN,UNRESOLVED_DYNAMIC_EDGE,src/resources/__init__.py:1
src/web_artifacts/models.py,13,3,2,Artifact versions,S1,R1;R3;R5,PROD_CONDITIONAL,,src/web_artifacts/models.py:1;src/web_artifacts/models.py:7
src/web_domain/failures.py,13,3,1,Web transactional domain,MULTIPLE,R2,PROD_CONDITIONAL,,src/web_domain/failures.py:1;src/web_domain/failures.py:12
web/src/components/ArtifactPreview.test.tsx,13,0,3,Web frontend,S1,,TEST_ONLY,,web/src/components/ArtifactPreview.test.tsx:1
src/application/metrics.py,12,1,2,Application use cases,MULTIPLE,R1;R5,PROD_CONDITIONAL,,src/application/metrics.py:1;src/application/metrics.py:7
src/agent_activities/__init__.py,11,0,2,Durable Agent data plane,MULTIPLE,,UNKNOWN,UNRESOLVED_DYNAMIC_EDGE,src/agent_activities/__init__.py:1
src/file_runtime/__init__.py,11,12,4,File routing & publication,MULTIPLE,,UNKNOWN,UNRESOLVED_DYNAMIC_EDGE,src/file_runtime/__init__.py:1
src/sandbox/tools/routing/__init__.py,11,1,3,Tool runtime / workspace execution,P3,,UNKNOWN,UNRESOLVED_DYNAMIC_EDGE,src/sandbox/tools/routing/__init__.py:1
web/src/utils/tokenUsage.ts,11,1,1,Web frontend,P1,R7,PROD_CONDITIONAL,,web/src/utils/tokenUsage.ts:1
src/account/validation.py,9,4,0,Identity & credentials,P2,R1;R5,PROD_CONDITIONAL,,src/account/validation.py:1;src/account/validation.py:4
src/account/__init__.py,7,0,3,Identity & credentials,P2,,UNKNOWN,UNRESOLVED_DYNAMIC_EDGE,src/account/__init__.py:1
src/document_activities/__init__.py,6,3,2,Heavy document execution,P5,,UNKNOWN,UNRESOLVED_DYNAMIC_EDGE,src/document_activities/__init__.py:1
src/web_api/__init__.py,6,0,2,Web HTTP / authentication / SSE,MULTIPLE,,UNKNOWN,UNRESOLVED_DYNAMIC_EDGE,src/web_api/__init__.py:1
src/agent_workflows/__init__.py,5,0,0,Durable Agent control flow,MULTIPLE,,UNKNOWN,UNRESOLVED_DYNAMIC_EDGE,src/agent_workflows/__init__.py:1
src/brain/__init__.py,5,0,1,Model decisions,P3,,UNKNOWN,UNRESOLVED_DYNAMIC_EDGE,src/brain/__init__.py:1
src/harness/__init__.py,5,0,1,QQ activities / prompt context,MULTIPLE,,UNKNOWN,UNRESOLVED_DYNAMIC_EDGE,src/harness/__init__.py:1
src/research_activities/__init__.py,5,3,1,Research execution,P6,,UNKNOWN,UNRESOLVED_DYNAMIC_EDGE,src/research_activities/__init__.py:1
src/web_artifacts/__init__.py,5,0,1,Artifact versions,S1,,UNKNOWN,UNRESOLVED_DYNAMIC_EDGE,src/web_artifacts/__init__.py:1
src/orchestration/document_contracts.py,3,4,0,Document queue contract,P5,,UNKNOWN,UNRESOLVED_DYNAMIC_EDGE,src/orchestration/document_contracts.py:1
src/sandbox/tools/adapters/__init__.py,3,0,1,Tool runtime / workspace execution,P3,,UNKNOWN,UNRESOLVED_DYNAMIC_EDGE,src/sandbox/tools/adapters/__init__.py:1
src/actions/__init__.py,2,0,0,Agent tool execution,P3,,UNKNOWN,UNRESOLVED_DYNAMIC_EDGE,src/actions/__init__.py:1
src/application/__init__.py,2,0,0,Application use cases,MULTIPLE,,UNKNOWN,UNRESOLVED_DYNAMIC_EDGE,src/application/__init__.py:1
src/__init__.py,1,0,0,Repository / operations,NONE,,UNKNOWN,UNRESOLVED_DYNAMIC_EDGE,src/__init__.py:1
src/agent_execution/__init__.py,1,0,0,Agent execution hosts & tracing,MULTIPLE,,UNKNOWN,UNRESOLVED_DYNAMIC_EDGE,src/agent_execution/__init__.py:1
src/bootstrap/__init__.py,1,0,0,Runtime composition,MULTIPLE,,UNKNOWN,UNRESOLVED_DYNAMIC_EDGE,src/bootstrap/__init__.py:1
src/persistence/__init__.py,1,0,0,PostgreSQL runtime,MULTIPLE,,UNKNOWN,UNRESOLVED_DYNAMIC_EDGE,src/persistence/__init__.py:1
src/web_domain/__init__.py,1,0,0,Web transactional domain,MULTIPLE,,UNKNOWN,UNRESOLVED_DYNAMIC_EDGE,src/web_domain/__init__.py:1
web/src/vite-env.d.ts,1,0,0,Web frontend,P1,,GENERATED_OR_DATA,,web/src/vite-env.d.ts:1
