method,route,handler,service_calls,evidence
GET,/health/live,src/web_api/app.py::create_app.live,,src/web_api/app.py:483
GET,/health/ready,src/web_api/app.py::create_app.ready,,src/web_api/app.py:487
POST,/auth/login,src/web_api/app.py::create_app.login,request.app.state.credentials.verify;src/web_api/auth.py::AuthService.login,src/web_api/app.py:493
POST,/auth/register,src/web_api/app.py::create_app.register,src/account/registration_service.py::RegistrationService.register;src/web_api/auth.py::AuthService.login,src/web_api/app.py:513
GET,/auth/login,src/web_api/app.py::create_app.login_entry,,src/web_api/app.py:571
GET,/api/v1/me,src/web_api/app.py::create_app.me,src/account/identity_binding_service.py::IdentityBindingService.get_identity_summary,src/web_api/app.py:580
POST,/api/v1/identity-bindings/qq/challenges,src/web_api/app.py::create_app.create_qq_binding_challenge,src/account/identity_binding_service.py::IdentityBindingService.create_qq_challenge,src/web_api/app.py:607
GET,/api/v1/identity-bindings/qq/challenges/{challenge_id},src/web_api/app.py::create_app.get_qq_binding_challenge,src/account/identity_binding_service.py::IdentityBindingService.get_qq_challenge,src/web_api/app.py:621
POST,/api/v1/auth/logout,src/web_api/app.py::create_app.logout,src/web_api/auth.py::AuthService.authenticate;src/web_api/auth.py::AuthService.revoke,src/web_api/app.py:645
POST,/api/v1/conversations,src/web_api/app.py::create_app.create_conversation,src/web_domain/services.py::CommandService.create_conversation,src/web_api/app.py:658
POST,/api/v1/tasks,src/web_api/app.py::create_app.create_research_task,src/research_domain/services.py::ResearchTaskCommandService.create_task,src/web_api/app.py:672
POST,/api/v1/tasks/{task_id}/runs,src/web_api/app.py::create_app.trigger_research_task,src/research_domain/services.py::ResearchTaskCommandService.trigger_task,src/web_api/app.py:690
PUT,/api/v1/tasks/{task_id}/schedule,src/web_api/app.py::create_app.update_research_schedule,src/research_domain/services.py::ResearchTaskCommandService.update_schedule,src/web_api/app.py:705
GET,/api/v1/tasks/{task_id}/runs/{run_id},src/web_api/app.py::create_app.get_research_run,src/research_domain/services.py::ResearchTaskCommandService.get_run,src/web_api/app.py:727
GET,/api/v1/tasks/{task_id}/runs/{run_id}/evidence,src/web_api/app.py::create_app.list_research_evidence,src/research_domain/services.py::ResearchTaskCommandService.list_evidence,src/web_api/app.py:738
GET,/api/v1/tasks/{task_id}/runs/{run_id}/report,src/web_api/app.py::create_app.get_research_report,src/research_domain/services.py::ResearchTaskCommandService.get_report,src/web_api/app.py:749
POST,/api/v1/conversations/{conversation_id}/uploads,src/web_api/app.py::create_app.create_upload,src/web_domain/file_services.py::FileService.create_upload,src/web_api/app.py:760
PUT,/api/v1/uploads/{file_id}/content,src/web_api/app.py::create_app.upload_content,src/web_domain/file_services.py::FileService.upload_content,src/web_api/app.py:779
GET,/api/v1/files/{file_id},src/web_api/app.py::create_app.get_file,src/web_domain/file_services.py::FileService.get,src/web_api/app.py:791
GET,/api/v1/persistent-files/{logical_path:path},src/web_api/app.py::create_app.get_persistent_file,src/file_domain/persistent.py::PersistentFileRepository.get,src/web_api/app.py:800
DELETE,/api/v1/files/{file_id},src/web_api/app.py::create_app.delete_file,src/web_domain/file_services.py::FileService.delete,src/web_api/app.py:818
GET,/api/v1/files/{file_id}/lineage,src/web_api/app.py::create_app.get_file_lineage,src/web_domain/file_services.py::FileService.lineage,src/web_api/app.py:828
GET,/api/v1/runs/{run_id}/file-action-approvals,src/web_api/app.py::create_app.list_file_action_approvals,src/file_domain/approvals.py::FileActionApprovalService.list_for_run,src/web_api/app.py:837
POST,/api/v1/file-action-approvals/{approval_id}/approve,src/web_api/app.py::create_app.approve_file_action,src/file_domain/approvals.py::FileActionApprovalService.decide,src/web_api/app.py:845
POST,/api/v1/file-action-approvals/{approval_id}/reject,src/web_api/app.py::create_app.reject_file_action,src/file_domain/approvals.py::FileActionApprovalService.decide,src/web_api/app.py:859
GET,/api/v1/files/{file_id}/content,src/web_api/app.py::create_app.download_file,src/web_domain/file_services.py::FileService.download,src/web_api/app.py:873
GET,/api/v1/conversations,src/web_api/app.py::create_app.list_conversations,src/web_api/queries.py::QueryService.list_conversations,src/web_api/app.py:899
GET,/api/v1/conversations/{conversation_id},src/web_api/app.py::create_app.get_conversation,src/web_api/queries.py::QueryService.get_conversation,src/web_api/app.py:903
PATCH,/api/v1/conversations/{conversation_id},src/web_api/app.py::create_app.rename_conversation,src/web_api/queries.py::QueryService.rename_conversation,src/web_api/app.py:910
GET,/api/v1/conversations/{conversation_id}/messages,src/web_api/app.py::create_app.list_messages,src/web_api/queries.py::QueryService.list_messages,src/web_api/app.py:926
POST,/api/v1/conversations/{conversation_id}/messages,src/web_api/app.py::create_app.send_message,src/web_domain/services.py::CommandService.send_message,src/web_api/app.py:930
GET,/api/v1/runs/{run_id},src/web_api/app.py::create_app.get_run,src/web_api/queries.py::QueryService.get_run,src/web_api/app.py:973
GET,/api/v1/runs/{run_id}/trace,src/web_api/app.py::create_app.get_run_trace,src/agent_execution/tracing/repository.py::PostgresTraceRepository.get_trace_tree,src/web_api/app.py:977
POST,/api/v1/messages/{message_id}/artifacts,src/web_api/app.py::create_app.create_artifact,src/web_artifacts/services.py::ArtifactService.create_artifact,src/web_api/app.py:990
GET,/api/v1/messages/{message_id}/artifacts,src/web_api/app.py::create_app.list_message_artifacts,src/web_artifacts/services.py::ArtifactService.list_for_message,src/web_api/app.py:1011
GET,/api/v1/artifacts/{artifact_id},src/web_api/app.py::create_app.get_artifact,src/web_artifacts/services.py::ArtifactService.get_artifact,src/web_api/app.py:1016
GET,/api/v1/artifacts/{artifact_id}/versions,src/web_api/app.py::create_app.list_artifact_versions,src/web_artifacts/services.py::ArtifactService.list_versions,src/web_api/app.py:1021
POST,/api/v1/artifacts/{artifact_id}/versions,src/web_api/app.py::create_app.create_artifact_version,src/web_artifacts/services.py::ArtifactService.create_version,src/web_api/app.py:1026
GET,/api/v1/artifact-versions/{artifact_version_id},src/web_api/app.py::create_app.get_artifact_version,src/web_artifacts/services.py::ArtifactService.get_version,src/web_api/app.py:1050
GET,/api/v1/runs/{run_id}/events,src/web_api/app.py::create_app.run_events,src/web_api/sse.py::SSEGateway.release;src/web_api/sse.py::SSEGateway.stream;src/web_api/sse.py::SSEGateway.try_acquire,src/web_api/app.py:1057
POST,/api/v1/runs/{run_id}/cancel,src/web_api/app.py::create_app.cancel_run,src/web_domain/services.py::CommandService.cancel_run,src/web_api/app.py:1111
POST,/api/v1/runs/{run_id}/retry,src/web_api/app.py::create_app.retry_run,src/web_domain/services.py::CommandService.retry_run,src/web_api/app.py:1122
PUT,/api/v1/uploads/{file_id}/content,test/web_api/test_file_protocol_middleware.py::_app.upload,,test/web_api/test_file_protocol_middleware.py:12
PUT,/api/v1/other,test/web_api/test_file_protocol_middleware.py::_app.other,,test/web_api/test_file_protocol_middleware.py:19
