source,kind,expression,target,task_queue,evidence,config_gates
scripts/benchmarks/outbox/outbox_benchmark_worker.py::prepare_run,DEFINITION_ACTIVITY,prepare_run_activity,scripts/benchmarks/outbox/outbox_benchmark_worker.py::prepare_run,,scripts/benchmarks/outbox/outbox_benchmark_worker.py:35,
scripts/benchmarks/outbox/outbox_benchmark_worker.py::execute_agent,DEFINITION_ACTIVITY,execute_agent_activity,scripts/benchmarks/outbox/outbox_benchmark_worker.py::execute_agent,,scripts/benchmarks/outbox/outbox_benchmark_worker.py:47,
scripts/benchmarks/outbox/outbox_benchmark_worker.py::finalize_failed,DEFINITION_ACTIVITY,finalize_failed_activity,scripts/benchmarks/outbox/outbox_benchmark_worker.py::finalize_failed,,scripts/benchmarks/outbox/outbox_benchmark_worker.py:58,
scripts/benchmarks/outbox/outbox_benchmark_worker.py::finalize_cancelled,DEFINITION_ACTIVITY,finalize_cancelled_activity,scripts/benchmarks/outbox/outbox_benchmark_worker.py::finalize_cancelled,,scripts/benchmarks/outbox/outbox_benchmark_worker.py:69,
scripts/benchmarks/outbox/outbox_benchmark_worker.py::serve,REGISTER_WORKFLOWS,WebRunWorkflow,src/orchestration/web_workflow.py::WebRunWorkflow,WEB_LIFECYCLE_TASK_QUEUE,scripts/benchmarks/outbox/outbox_benchmark_worker.py:85,
scripts/benchmarks/outbox/outbox_benchmark_worker.py::serve,REGISTER_ACTIVITIES,prepare_run,scripts/benchmarks/outbox/outbox_benchmark_worker.py::prepare_run,WEB_LIFECYCLE_TASK_QUEUE,scripts/benchmarks/outbox/outbox_benchmark_worker.py:86,
scripts/benchmarks/outbox/outbox_benchmark_worker.py::serve,REGISTER_ACTIVITIES,finalize_failed,scripts/benchmarks/outbox/outbox_benchmark_worker.py::finalize_failed,WEB_LIFECYCLE_TASK_QUEUE,scripts/benchmarks/outbox/outbox_benchmark_worker.py:86,
scripts/benchmarks/outbox/outbox_benchmark_worker.py::serve,REGISTER_ACTIVITIES,finalize_cancelled,scripts/benchmarks/outbox/outbox_benchmark_worker.py::finalize_cancelled,WEB_LIFECYCLE_TASK_QUEUE,scripts/benchmarks/outbox/outbox_benchmark_worker.py:86,
scripts/benchmarks/outbox/outbox_benchmark_worker.py::serve,REGISTER_ACTIVITIES,execute_agent,scripts/benchmarks/outbox/outbox_benchmark_worker.py::execute_agent,WEB_AGENT_TASK_QUEUE,scripts/benchmarks/outbox/outbox_benchmark_worker.py:91,
scripts/benchmarks/temporal/activity_worker_recovery_benchmark.py::run_trial,TEMPORAL_INVOKE,'activity-crash-tool-workflow',test/support/durable_worker_process.py::ActivityCrashToolWorkflow,AGENT_TASK_QUEUE,scripts/benchmarks/temporal/activity_worker_recovery_benchmark.py:385,
scripts/benchmarks/temporal/temporal_recovery_benchmark.py::run_trial,TEMPORAL_INVOKE,AgentRunWorkflow.run,src/agent_workflows/agent_run.py::AgentRunWorkflow.run,AGENT_TASK_QUEUE,scripts/benchmarks/temporal/temporal_recovery_benchmark.py:284,
scripts/capture_web_workflow_history.py::stub_prepare,DEFINITION_ACTIVITY,prepare_run_activity,scripts/capture_web_workflow_history.py::stub_prepare,,scripts/capture_web_workflow_history.py:51,
scripts/capture_web_workflow_history.py::stub_execute,DEFINITION_ACTIVITY,execute_agent_activity,scripts/capture_web_workflow_history.py::stub_execute,,scripts/capture_web_workflow_history.py:58,
scripts/capture_web_workflow_history.py::stub_finalize_failed,DEFINITION_ACTIVITY,finalize_failed_activity,scripts/capture_web_workflow_history.py::stub_finalize_failed,,scripts/capture_web_workflow_history.py:64,
scripts/capture_web_workflow_history.py::stub_finalize_cancelled,DEFINITION_ACTIVITY,finalize_cancelled_activity,scripts/capture_web_workflow_history.py::stub_finalize_cancelled,,scripts/capture_web_workflow_history.py:69,
scripts/capture_web_workflow_history.py::capture,REGISTER_LIFECYCLE_ACTIVITIES,stub_prepare,scripts/capture_web_workflow_history.py::stub_prepare,lifecycle_activities,scripts/capture_web_workflow_history.py:93,
scripts/capture_web_workflow_history.py::capture,REGISTER_LIFECYCLE_ACTIVITIES,stub_finalize_failed,scripts/capture_web_workflow_history.py::stub_finalize_failed,lifecycle_activities,scripts/capture_web_workflow_history.py:94,
scripts/capture_web_workflow_history.py::capture,REGISTER_LIFECYCLE_ACTIVITIES,stub_finalize_cancelled,scripts/capture_web_workflow_history.py::stub_finalize_cancelled,lifecycle_activities,scripts/capture_web_workflow_history.py:95,
scripts/capture_web_workflow_history.py::capture,REGISTER_AGENT_ACTIVITIES,stub_execute,scripts/capture_web_workflow_history.py::stub_execute,agent_activities,scripts/capture_web_workflow_history.py:97,
scripts/capture_web_workflow_history.py::_offline_replay,REGISTER_WORKFLOWS,WebRunWorkflow,src/orchestration/web_workflow.py::WebRunWorkflow,workflows,scripts/capture_web_workflow_history.py:77,
src/agent_activities/persistent_overwrite.py::PersistentOverwriteActivities.execute,DEFINITION_ACTIVITY,approved_file_action_execution_activity,src/agent_activities/persistent_overwrite.py::PersistentOverwriteActivities.execute,,src/agent_activities/persistent_overwrite.py:31,
src/agent_activities/runtime.py::DurableAgentActivities.file_action_approval_status,DEFINITION_ACTIVITY,file_action_approval_status_activity,src/agent_activities/runtime.py::DurableAgentActivities.file_action_approval_status,,src/agent_activities/runtime.py:96,
src/agent_activities/runtime.py::DurableAgentActivities.context_bootstrap,DEFINITION_ACTIVITY,context_bootstrap_activity,src/agent_activities/runtime.py::DurableAgentActivities.context_bootstrap,,src/agent_activities/runtime.py:241,
src/agent_activities/runtime.py::DurableAgentActivities.model_decision,DEFINITION_ACTIVITY,model_decision_activity,src/agent_activities/runtime.py::DurableAgentActivities.model_decision,,src/agent_activities/runtime.py:412,
src/agent_activities/runtime.py::DurableAgentActivities.tool_execution,DEFINITION_ACTIVITY,tool_execution_activity,src/agent_activities/runtime.py::DurableAgentActivities.tool_execution,,src/agent_activities/runtime.py:591,
src/agent_activities/runtime.py::DurableAgentActivities.planning,DEFINITION_ACTIVITY,planning_activity,src/agent_activities/runtime.py::DurableAgentActivities.planning,,src/agent_activities/runtime.py:1101,
src/agent_activities/runtime.py::DurableAgentActivities.evaluate_plan,DEFINITION_ACTIVITY,evaluate_plan_activity,src/agent_activities/runtime.py::DurableAgentActivities.evaluate_plan,,src/agent_activities/runtime.py:1271,
src/agent_activities/runtime.py::DurableAgentActivities.finalize_agent_result,DEFINITION_ACTIVITY,finalize_agent_result_activity,src/agent_activities/runtime.py::DurableAgentActivities.finalize_agent_result,,src/agent_activities/runtime.py:1406,
src/agent_workflows/agent_run.py::AgentRunWorkflow,DEFINITION_WORKFLOW,AgentRunWorkflow,src/agent_workflows/agent_run.py::AgentRunWorkflow,,src/agent_workflows/agent_run.py:20,
src/agent_workflows/agent_run.py::AgentRunWorkflow.run,TEMPORAL_INVOKE,target,src/agent_workflows/plan_execute.py::PlanAndExecuteWorkflow.run,AGENT_TASK_QUEUE,src/agent_workflows/agent_run.py:40,
src/agent_workflows/agent_step.py::AgentStepWorkflow,DEFINITION_WORKFLOW,AgentStepWorkflow,src/agent_workflows/agent_step.py::AgentStepWorkflow,,src/agent_workflows/agent_step.py:22,
src/agent_workflows/agent_step.py::AgentStepWorkflow.run,TEMPORAL_INVOKE,'model_decision_activity',test/test_durable_agent_temporal_integration.py::fake_model,AGENT_TASK_QUEUE,src/agent_workflows/agent_step.py:94,
src/agent_workflows/agent_step.py::AgentStepWorkflow.run,TEMPORAL_INVOKE,'model_decision_activity',test/test_durable_agent_temporal_integration.py::fake_model,AGENT_TASK_QUEUE,src/agent_workflows/agent_step.py:30,
src/agent_workflows/agent_step.py::AgentStepWorkflow.run,TEMPORAL_INVOKE,ToolExecutionWorkflow.run,src/agent_workflows/tool_execution.py::ToolExecutionWorkflow.run,AGENT_TASK_QUEUE,src/agent_workflows/agent_step.py:82,
src/agent_workflows/plan_execute.py::PlanAndExecuteWorkflow,DEFINITION_WORKFLOW,PlanAndExecuteWorkflow,src/agent_workflows/plan_execute.py::PlanAndExecuteWorkflow,,src/agent_workflows/plan_execute.py:26,
src/agent_workflows/plan_execute.py::PlanAndExecuteWorkflow.run,TEMPORAL_INVOKE,'planning_activity',test/test_durable_agent_temporal_integration.py::fake_planning,AGENT_TASK_QUEUE,src/agent_workflows/plan_execute.py:38,
src/agent_workflows/plan_execute.py::PlanAndExecuteWorkflow.run,TEMPORAL_INVOKE,'model_decision_activity',test/test_durable_agent_temporal_integration.py::fake_model,AGENT_TASK_QUEUE,src/agent_workflows/plan_execute.py:173,
src/agent_workflows/plan_execute.py::PlanAndExecuteWorkflow.run,TEMPORAL_INVOKE,AgentStepWorkflow.run,src/agent_workflows/agent_step.py::AgentStepWorkflow.run,AGENT_TASK_QUEUE,src/agent_workflows/plan_execute.py:69,
src/agent_workflows/plan_execute.py::PlanAndExecuteWorkflow.run,TEMPORAL_INVOKE,'evaluate_plan_activity',test/test_durable_agent_temporal_integration.py::fake_evaluation,AGENT_TASK_QUEUE,src/agent_workflows/plan_execute.py:90,
src/agent_workflows/plan_execute.py::PlanAndExecuteWorkflow.run,TEMPORAL_INVOKE,'planning_activity',test/test_durable_agent_temporal_integration.py::fake_planning,AGENT_TASK_QUEUE,src/agent_workflows/plan_execute.py:132,evaluation.decision == 'replan'
src/agent_workflows/react.py::ReactAgentWorkflow,DEFINITION_WORKFLOW,ReactAgentWorkflow,src/agent_workflows/react.py::ReactAgentWorkflow,,src/agent_workflows/react.py:72,
src/agent_workflows/react.py::bootstrap,TEMPORAL_INVOKE,'context_bootstrap_activity',test/test_durable_agent_temporal_integration.py::fake_context,AGENT_TASK_QUEUE,src/agent_workflows/react.py:54,
src/agent_workflows/react.py::ReactAgentWorkflow.run,TEMPORAL_INVOKE,'model_decision_activity',test/test_durable_agent_temporal_integration.py::fake_model,AGENT_TASK_QUEUE,src/agent_workflows/react.py:163,
src/agent_workflows/react.py::ReactAgentWorkflow.run,TEMPORAL_INVOKE,'model_decision_activity',test/test_durable_agent_temporal_integration.py::fake_model,AGENT_TASK_QUEUE,src/agent_workflows/react.py:89,
src/agent_workflows/react.py::ReactAgentWorkflow.run,TEMPORAL_INVOKE,ToolExecutionWorkflow.run,src/agent_workflows/tool_execution.py::ToolExecutionWorkflow.run,AGENT_TASK_QUEUE,src/agent_workflows/react.py:142,
src/agent_workflows/tool_execution.py::ToolExecutionWorkflow,DEFINITION_WORKFLOW,ToolExecutionWorkflow,src/agent_workflows/tool_execution.py::ToolExecutionWorkflow,,src/agent_workflows/tool_execution.py:32,
src/agent_workflows/tool_execution.py::ToolExecutionWorkflow.run,TEMPORAL_INVOKE,'tool_execution_activity',test/web_persistence/test_f4_2_approval_temporal.py::pending_tool,AGENT_TASK_QUEUE,src/agent_workflows/tool_execution.py:48,
src/agent_workflows/tool_execution.py::ToolExecutionWorkflow.run,TEMPORAL_INVOKE,'file_action_approval_status_activity',test/web_persistence/test_f4_2_approval_temporal.py::postgres_approval_status,AGENT_TASK_QUEUE,src/agent_workflows/tool_execution.py:69,
src/agent_workflows/tool_execution.py::ToolExecutionWorkflow.run,TEMPORAL_INVOKE,'approved_file_action_execution_activity',test/web_persistence/test_f4_2_approval_temporal.py::approved_execution,AGENT_TASK_QUEUE,src/agent_workflows/tool_execution.py:82,authoritative.status != 'pending' && authoritative.status == 'approved'
src/application/conversation.py::ConversationService._start_replacement_session,TEMPORAL_INVOKE,self._workflow.run,,self._task_queue,src/application/conversation.py:186,
src/application/conversation.py::ConversationService.start_or_signal,TEMPORAL_INVOKE,self._workflow.run,,self._task_queue,src/application/conversation.py:93,
src/document_activities/runtime.py::DocumentActivities.normalize_document,DEFINITION_ACTIVITY,normalize_document_activity,src/document_activities/runtime.py::DocumentActivities.normalize_document,,src/document_activities/runtime.py:124,
src/file_runtime/routing.py::TemporalDocumentRouter.normalize,TEMPORAL_INVOKE,NormalizeDocumentWorkflow.run,src/orchestration/document_workflow.py::NormalizeDocumentWorkflow.run,self.workflow_task_queue,src/file_runtime/routing.py:48,
src/harness/activities.py::process_turn_activity,DEFINITION_ACTIVITY,process_turn_activity,src/harness/activities.py::process_turn_activity,,src/harness/activities.py:40,
src/harness/activities.py::archive_session_activity,DEFINITION_ACTIVITY,archive_session_activity,src/harness/activities.py::archive_session_activity,,src/harness/activities.py:64,
src/harness/activities.py::reflect_activity,DEFINITION_ACTIVITY,reflect_activity,src/harness/activities.py::reflect_activity,,src/harness/activities.py:80,
src/harness/activities.py::reflect_batch_activity,DEFINITION_ACTIVITY,reflect_batch_activity,src/harness/activities.py::reflect_batch_activity,,src/harness/activities.py:86,
src/harness/activities.py::metrics_report_activity,DEFINITION_ACTIVITY,metrics_report_activity,src/harness/activities.py::metrics_report_activity,,src/harness/activities.py:92,
src/orchestration/artifact_activities.py::execute_artifact_build_activity,DEFINITION_ACTIVITY,execute_artifact_build_activity,src/orchestration/artifact_activities.py::execute_artifact_build_activity,,src/orchestration/artifact_activities.py:18,
src/orchestration/artifact_dispatcher.py::TemporalArtifactClient.start,TEMPORAL_INVOKE,ArtifactBuildWorkflow.run,src/orchestration/artifact_workflow.py::ArtifactBuildWorkflow.run,ARTIFACT_TASK_QUEUE,src/orchestration/artifact_dispatcher.py:32,
src/orchestration/artifact_workflow.py::ArtifactBuildWorkflow,DEFINITION_WORKFLOW,ArtifactBuildWorkflow,src/orchestration/artifact_workflow.py::ArtifactBuildWorkflow,,src/orchestration/artifact_workflow.py:19,
src/orchestration/artifact_workflow.py::ArtifactBuildWorkflow.run,TEMPORAL_INVOKE,'execute_artifact_build_activity',src/orchestration/artifact_activities.py::execute_artifact_build_activity,ARTIFACT_TASK_QUEUE,src/orchestration/artifact_workflow.py:24,
src/orchestration/document_worker.py::build_document_worker,REGISTER_ACTIVITIES,activities.normalize_document,src/document_activities/runtime.py::DocumentActivities.normalize_document,DOCUMENT_TASK_QUEUE,src/orchestration/document_worker.py:24,
src/orchestration/document_workflow.py::NormalizeDocumentWorkflow,DEFINITION_WORKFLOW,NormalizeDocumentWorkflow,src/orchestration/document_workflow.py::NormalizeDocumentWorkflow,,src/orchestration/document_workflow.py:14,
src/orchestration/document_workflow.py::NormalizeDocumentWorkflow.run,TEMPORAL_INVOKE,'normalize_document_activity',test/test_document_temporal_integration.py::normalize_document,DOCUMENT_TASK_QUEUE,src/orchestration/document_workflow.py:18,
src/orchestration/durable_web_workflow.py::DurableWebRunWorkflow,DEFINITION_WORKFLOW,DurableWebRunWorkflow,src/orchestration/durable_web_workflow.py::DurableWebRunWorkflow,,src/orchestration/durable_web_workflow.py:85,
src/orchestration/durable_web_workflow.py::DurableWebRunWorkflow.run,TEMPORAL_INVOKE,'prepare_run_activity',test/test_web_temporal_integration.py::integration_prepare,WEB_LIFECYCLE_TASK_QUEUE,src/orchestration/durable_web_workflow.py:93,
src/orchestration/durable_web_workflow.py::DurableWebRunWorkflow.run,TEMPORAL_INVOKE,AgentRunWorkflow.run,src/agent_workflows/agent_run.py::AgentRunWorkflow.run,AGENT_TASK_QUEUE,src/orchestration/durable_web_workflow.py:132,
src/orchestration/durable_web_workflow.py::DurableWebRunWorkflow.run,TEMPORAL_INVOKE,'finalize_agent_result_activity',src/agent_activities/runtime.py::DurableAgentActivities.finalize_agent_result,WEB_LIFECYCLE_TASK_QUEUE,src/orchestration/durable_web_workflow.py:151,
src/orchestration/durable_web_workflow.py::DurableWebRunWorkflow.run,TEMPORAL_INVOKE,'acquire_execution_lease_activity',src/orchestration/web_activities.py::acquire_execution_lease_activity,WEB_LIFECYCLE_TASK_QUEUE,src/orchestration/durable_web_workflow.py:114,
src/orchestration/durable_web_workflow.py::DurableWebRunWorkflow.run,TEMPORAL_INVOKE,'finalize_cancelled_activity',test/test_web_temporal_integration.py::integration_finalize_cancelled,WEB_LIFECYCLE_TASK_QUEUE,src/orchestration/durable_web_workflow.py:165,
src/orchestration/durable_web_workflow.py::DurableWebRunWorkflow.run,TEMPORAL_INVOKE,'finalize_failed_activity',test/test_web_temporal_integration.py::integration_finalize_failed,WEB_LIFECYCLE_TASK_QUEUE,src/orchestration/durable_web_workflow.py:196,
src/orchestration/durable_web_workflow.py::DurableWebRunWorkflow.run,TEMPORAL_INVOKE,'release_execution_lease_activity',src/orchestration/web_activities.py::release_execution_lease_activity,WEB_LIFECYCLE_TASK_QUEUE,src/orchestration/durable_web_workflow.py:209,lease is not None
src/orchestration/durable_web_workflow.py::DurableWebRunWorkflow.run,TEMPORAL_INVOKE,'finalize_cancelled_activity',test/test_web_temporal_integration.py::integration_finalize_cancelled,WEB_LIFECYCLE_TASK_QUEUE,src/orchestration/durable_web_workflow.py:180,is_cancelled_exception(exc)
src/orchestration/research_workflow.py::ResearchTaskScheduleWorkflow,DEFINITION_WORKFLOW,ResearchTaskScheduleWorkflow,src/orchestration/research_workflow.py::ResearchTaskScheduleWorkflow,,src/orchestration/research_workflow.py:81,
src/orchestration/research_workflow.py::ResearchReportWorkflow,DEFINITION_WORKFLOW,ResearchReportWorkflow,src/orchestration/research_workflow.py::ResearchReportWorkflow,,src/orchestration/research_workflow.py:105,
src/orchestration/research_workflow.py::ResearchTaskScheduleWorkflow.run,TEMPORAL_INVOKE,'trigger_scheduled_research_activity',test/web_persistence/test_research_schedule_temporal_integration.py::test_real_schedule_fires_through_task_command_budget_and_outbox.trigger,WEB_LIFECYCLE_TASK_QUEUE,src/orchestration/research_workflow.py:88,
src/orchestration/research_workflow.py::ResearchReportWorkflow.run,TEMPORAL_INVOKE,activity_name,,WEB_LIFECYCLE_TASK_QUEUE,src/orchestration/research_workflow.py:117,
src/orchestration/research_workflow.py::ResearchReportWorkflow.run,TEMPORAL_INVOKE,'analyze_research_gaps_activity',test/test_research_temporal_integration.py::gaps,WEB_LIFECYCLE_TASK_QUEUE,src/orchestration/research_workflow.py:152,
src/orchestration/research_workflow.py::ResearchReportWorkflow.run,TEMPORAL_INVOKE,activity_name,,WEB_LIFECYCLE_TASK_QUEUE,src/orchestration/research_workflow.py:169,
src/orchestration/research_workflow.py::ResearchReportWorkflow.run,TEMPORAL_INVOKE,'fail_research_activity',test/test_research_temporal_integration.py::fail,WEB_LIFECYCLE_TASK_QUEUE,src/orchestration/research_workflow.py:178,
src/orchestration/research_workflow.py::ResearchReportWorkflow.run,TEMPORAL_INVOKE,activity_name,,WEB_LIFECYCLE_TASK_QUEUE,src/orchestration/research_workflow.py:139,
src/orchestration/web_activities.py::prepare_run_activity,DEFINITION_ACTIVITY,prepare_run_activity,src/orchestration/web_activities.py::prepare_run_activity,,src/orchestration/web_activities.py:99,
src/orchestration/web_activities.py::execute_agent_activity,DEFINITION_ACTIVITY,execute_agent_activity,src/orchestration/web_activities.py::execute_agent_activity,,src/orchestration/web_activities.py:119,
src/orchestration/web_activities.py::acquire_execution_lease_activity,DEFINITION_ACTIVITY,acquire_execution_lease_activity,src/orchestration/web_activities.py::acquire_execution_lease_activity,,src/orchestration/web_activities.py:139,
src/orchestration/web_activities.py::release_execution_lease_activity,DEFINITION_ACTIVITY,release_execution_lease_activity,src/orchestration/web_activities.py::release_execution_lease_activity,,src/orchestration/web_activities.py:194,
src/orchestration/web_activities.py::finalize_failed_activity,DEFINITION_ACTIVITY,finalize_failed_activity,src/orchestration/web_activities.py::finalize_failed_activity,,src/orchestration/web_activities.py:219,
src/orchestration/web_activities.py::finalize_cancelled_activity,DEFINITION_ACTIVITY,finalize_cancelled_activity,src/orchestration/web_activities.py::finalize_cancelled_activity,,src/orchestration/web_activities.py:238,
src/orchestration/web_dispatcher.py::TemporalClientAdapter.start_web_run,TEMPORAL_INVOKE,workflow_run,src/orchestration/web_workflow.py::WebRunWorkflow.run,WEB_LIFECYCLE_TASK_QUEUE,src/orchestration/web_dispatcher.py:203,
src/orchestration/web_dispatcher.py::TemporalClientAdapter.start_research_run,TEMPORAL_INVOKE,ResearchReportWorkflow.run,src/orchestration/research_workflow.py::ResearchReportWorkflow.run,WEB_LIFECYCLE_TASK_QUEUE,src/orchestration/web_dispatcher.py:255,
src/orchestration/web_workers.py::build_web_temporal_workers,REGISTER_WORKFLOWS,WebRunWorkflow,src/orchestration/web_workflow.py::WebRunWorkflow,WEB_LIFECYCLE_TASK_QUEUE,src/orchestration/web_workers.py:171,
src/orchestration/web_workers.py::build_web_temporal_workers,REGISTER_WORKFLOWS,DurableWebRunWorkflow,src/orchestration/durable_web_workflow.py::DurableWebRunWorkflow,WEB_LIFECYCLE_TASK_QUEUE,src/orchestration/web_workers.py:172,
src/orchestration/web_workers.py::build_web_temporal_workers,REGISTER_WORKFLOWS,ResearchReportWorkflow,src/orchestration/research_workflow.py::ResearchReportWorkflow,WEB_LIFECYCLE_TASK_QUEUE,src/orchestration/web_workers.py:173,
src/orchestration/web_workers.py::build_web_temporal_workers,REGISTER_WORKFLOWS,ResearchTaskScheduleWorkflow,src/orchestration/research_workflow.py::ResearchTaskScheduleWorkflow,WEB_LIFECYCLE_TASK_QUEUE,src/orchestration/web_workers.py:174,
src/orchestration/web_workers.py::build_web_temporal_workers,REGISTER_WORKFLOWS,ArtifactBuildWorkflow,src/orchestration/artifact_workflow.py::ArtifactBuildWorkflow,WEB_LIFECYCLE_TASK_QUEUE,src/orchestration/web_workers.py:175,
src/orchestration/web_workers.py::build_web_temporal_workers,REGISTER_WORKFLOWS,NormalizeDocumentWorkflow,src/orchestration/document_workflow.py::NormalizeDocumentWorkflow,WEB_LIFECYCLE_TASK_QUEUE,src/orchestration/web_workers.py:176,
src/orchestration/web_workers.py::build_web_temporal_workers,REGISTER_WORKFLOWS,AgentRunWorkflow,src/agent_workflows/agent_run.py::AgentRunWorkflow,WEB_AGENT_TASK_QUEUE,src/orchestration/web_workers.py:184,
src/orchestration/web_workers.py::build_web_temporal_workers,REGISTER_WORKFLOWS,ReactAgentWorkflow,src/agent_workflows/react.py::ReactAgentWorkflow,WEB_AGENT_TASK_QUEUE,src/orchestration/web_workers.py:185,
src/orchestration/web_workers.py::build_web_temporal_workers,REGISTER_WORKFLOWS,PlanAndExecuteWorkflow,src/agent_workflows/plan_execute.py::PlanAndExecuteWorkflow,WEB_AGENT_TASK_QUEUE,src/orchestration/web_workers.py:186,
src/orchestration/web_workers.py::build_web_temporal_workers,REGISTER_WORKFLOWS,AgentStepWorkflow,src/agent_workflows/agent_step.py::AgentStepWorkflow,WEB_AGENT_TASK_QUEUE,src/orchestration/web_workers.py:187,
src/orchestration/web_workers.py::build_web_temporal_workers,REGISTER_WORKFLOWS,ToolExecutionWorkflow,src/agent_workflows/tool_execution.py::ToolExecutionWorkflow,WEB_AGENT_TASK_QUEUE,src/orchestration/web_workers.py:188,
src/orchestration/web_workflow.py::WebRunWorkflow,DEFINITION_WORKFLOW,WebRunWorkflow,src/orchestration/web_workflow.py::WebRunWorkflow,,src/orchestration/web_workflow.py:85,
src/orchestration/web_workflow.py::WebRunWorkflow.run,TEMPORAL_INVOKE,'finalize_failed_activity',test/test_web_temporal_integration.py::integration_finalize_failed,WEB_LIFECYCLE_TASK_QUEUE,src/orchestration/web_workflow.py:188,
src/orchestration/web_workflow.py::WebRunWorkflow.run,TEMPORAL_INVOKE,'prepare_run_activity',test/test_web_temporal_integration.py::integration_prepare,WEB_LIFECYCLE_TASK_QUEUE,src/orchestration/web_workflow.py:98,
src/orchestration/web_workflow.py::WebRunWorkflow.run,TEMPORAL_INVOKE,'execute_agent_activity',test/test_web_temporal_integration.py::_run_crash_agent_worker.run.crash_execute,WEB_AGENT_TASK_QUEUE,src/orchestration/web_workflow.py:115,
src/orchestration/web_workflow.py::WebRunWorkflow.run,TEMPORAL_INVOKE,'finalize_cancelled_activity',test/test_web_temporal_integration.py::integration_finalize_cancelled,WEB_LIFECYCLE_TASK_QUEUE,src/orchestration/web_workflow.py:127,
src/orchestration/web_workflow.py::WebRunWorkflow.run,TEMPORAL_INVOKE,'finalize_failed_activity',test/test_web_temporal_integration.py::integration_finalize_failed,WEB_LIFECYCLE_TASK_QUEUE,src/orchestration/web_workflow.py:166,
src/orchestration/web_workflow.py::WebRunWorkflow.run,TEMPORAL_INVOKE,'finalize_cancelled_activity',test/test_web_temporal_integration.py::integration_finalize_cancelled,WEB_LIFECYCLE_TASK_QUEUE,src/orchestration/web_workflow.py:145,is_cancelled_exception(exc)
src/orchestration/worker.py::compose_web_workers,DI_REGISTRY,inject_web_lifecycle(lifecycle),src/orchestration/web_activities.py::inject_web_lifecycle,,src/orchestration/worker.py:251,
src/orchestration/worker.py::compose_web_workers,DI_REGISTRY,inject_web_execution_host(web_host),src/orchestration/web_activities.py::inject_web_execution_host,,src/orchestration/worker.py:252,
src/orchestration/worker.py::compose_web_workers,DI_REGISTRY,"inject_agent_data_store(agent_store, max_turns=config.agent.max_tool_turns)",src/orchestration/web_activities.py::inject_agent_data_store,,src/orchestration/worker.py:257,
src/orchestration/worker.py::compose_web_workers,DI_REGISTRY,inject_agent_event_factory(event_factory),src/orchestration/web_activities.py::inject_agent_event_factory,,src/orchestration/worker.py:258,
src/orchestration/worker.py::compose_web_workers,DI_REGISTRY,inject_artifact_build_service(artifact_build),src/orchestration/artifact_activities.py::inject_artifact_build_service,,src/orchestration/worker.py:315,
src/orchestration/worker.py::compose_web_workers,REGISTER_LIFECYCLE_ACTIVITIES,prepare_run_activity,src/orchestration/web_activities.py::prepare_run_activity,lifecycle_activities,src/orchestration/worker.py:319,
src/orchestration/worker.py::compose_web_workers,REGISTER_LIFECYCLE_ACTIVITIES,acquire_execution_lease_activity,src/orchestration/web_activities.py::acquire_execution_lease_activity,lifecycle_activities,src/orchestration/worker.py:320,
src/orchestration/worker.py::compose_web_workers,REGISTER_LIFECYCLE_ACTIVITIES,release_execution_lease_activity,src/orchestration/web_activities.py::release_execution_lease_activity,lifecycle_activities,src/orchestration/worker.py:321,
src/orchestration/worker.py::compose_web_workers,REGISTER_LIFECYCLE_ACTIVITIES,finalize_failed_activity,src/orchestration/web_activities.py::finalize_failed_activity,lifecycle_activities,src/orchestration/worker.py:322,
src/orchestration/worker.py::compose_web_workers,REGISTER_LIFECYCLE_ACTIVITIES,finalize_cancelled_activity,src/orchestration/web_activities.py::finalize_cancelled_activity,lifecycle_activities,src/orchestration/worker.py:323,
src/orchestration/worker.py::compose_web_workers,REGISTER_LIFECYCLE_ACTIVITIES,durable_activities.finalize_agent_result,src/agent_activities/runtime.py::DurableAgentActivities.finalize_agent_result,lifecycle_activities,src/orchestration/worker.py:324,
src/orchestration/worker.py::compose_web_workers,REGISTER_LIFECYCLE_ACTIVITIES,execute_artifact_build_activity,src/orchestration/artifact_activities.py::execute_artifact_build_activity,lifecycle_activities,src/orchestration/worker.py:325,
src/orchestration/worker.py::compose_web_workers,REGISTER_LIFECYCLE_ACTIVITIES,research_activities.prepare_research_activity,src/research_activities/runtime.py::ResearchActivities.prepare_research_activity,lifecycle_activities,src/orchestration/worker.py:326,
src/orchestration/worker.py::compose_web_workers,REGISTER_LIFECYCLE_ACTIVITIES,research_activities.trigger_scheduled_research_activity,src/research_activities/runtime.py::ResearchActivities.trigger_scheduled_research_activity,lifecycle_activities,src/orchestration/worker.py:327,
src/orchestration/worker.py::compose_web_workers,REGISTER_LIFECYCLE_ACTIVITIES,research_activities.create_research_plan_activity,src/research_activities/runtime.py::ResearchActivities.create_research_plan_activity,lifecycle_activities,src/orchestration/worker.py:328,
src/orchestration/worker.py::compose_web_workers,REGISTER_LIFECYCLE_ACTIVITIES,research_activities.discover_research_sources_activity,src/research_activities/runtime.py::ResearchActivities.discover_research_sources_activity,lifecycle_activities,src/orchestration/worker.py:329,
src/orchestration/worker.py::compose_web_workers,REGISTER_LIFECYCLE_ACTIVITIES,research_activities.rank_research_sources_activity,src/research_activities/runtime.py::ResearchActivities.rank_research_sources_activity,lifecycle_activities,src/orchestration/worker.py:330,
src/orchestration/worker.py::compose_web_workers,REGISTER_LIFECYCLE_ACTIVITIES,research_activities.fetch_research_sources_activity,src/research_activities/runtime.py::ResearchActivities.fetch_research_sources_activity,lifecycle_activities,src/orchestration/worker.py:331,
src/orchestration/worker.py::compose_web_workers,REGISTER_LIFECYCLE_ACTIVITIES,research_activities.normalize_research_sources_activity,src/research_activities/runtime.py::ResearchActivities.normalize_research_sources_activity,lifecycle_activities,src/orchestration/worker.py:332,
src/orchestration/worker.py::compose_web_workers,REGISTER_LIFECYCLE_ACTIVITIES,research_activities.extract_research_evidence_activity,src/research_activities/runtime.py::ResearchActivities.extract_research_evidence_activity,lifecycle_activities,src/orchestration/worker.py:333,
src/orchestration/worker.py::compose_web_workers,REGISTER_LIFECYCLE_ACTIVITIES,research_activities.assess_research_corroboration_activity,src/research_activities/runtime.py::ResearchActivities.assess_research_corroboration_activity,lifecycle_activities,src/orchestration/worker.py:334,
src/orchestration/worker.py::compose_web_workers,REGISTER_LIFECYCLE_ACTIVITIES,research_activities.analyze_research_gaps_activity,src/research_activities/runtime.py::ResearchActivities.analyze_research_gaps_activity,lifecycle_activities,src/orchestration/worker.py:335,
src/orchestration/worker.py::compose_web_workers,REGISTER_LIFECYCLE_ACTIVITIES,research_activities.synthesize_research_report_activity,src/research_activities/runtime.py::ResearchActivities.synthesize_research_report_activity,lifecycle_activities,src/orchestration/worker.py:336,
src/orchestration/worker.py::compose_web_workers,REGISTER_LIFECYCLE_ACTIVITIES,research_activities.verify_research_citations_activity,src/research_activities/runtime.py::ResearchActivities.verify_research_citations_activity,lifecycle_activities,src/orchestration/worker.py:337,
src/orchestration/worker.py::compose_web_workers,REGISTER_LIFECYCLE_ACTIVITIES,research_activities.compare_previous_research_activity,src/research_activities/runtime.py::ResearchActivities.compare_previous_research_activity,lifecycle_activities,src/orchestration/worker.py:338,
src/orchestration/worker.py::compose_web_workers,REGISTER_LIFECYCLE_ACTIVITIES,research_activities.publish_research_artifact_activity,src/research_activities/runtime.py::ResearchActivities.publish_research_artifact_activity,lifecycle_activities,src/orchestration/worker.py:339,
src/orchestration/worker.py::compose_web_workers,REGISTER_LIFECYCLE_ACTIVITIES,research_activities.complete_research_activity,src/research_activities/runtime.py::ResearchActivities.complete_research_activity,lifecycle_activities,src/orchestration/worker.py:340,
src/orchestration/worker.py::compose_web_workers,REGISTER_LIFECYCLE_ACTIVITIES,research_activities.fail_research_activity,src/research_activities/runtime.py::ResearchActivities.fail_research_activity,lifecycle_activities,src/orchestration/worker.py:341,
src/orchestration/worker.py::compose_web_workers,REGISTER_AGENT_ACTIVITIES,execute_agent_activity,src/orchestration/web_activities.py::execute_agent_activity,agent_activities,src/orchestration/worker.py:344,
src/orchestration/worker.py::compose_web_workers,REGISTER_AGENT_ACTIVITIES,durable_activities.context_bootstrap,src/agent_activities/runtime.py::DurableAgentActivities.context_bootstrap,agent_activities,src/orchestration/worker.py:345,
src/orchestration/worker.py::compose_web_workers,REGISTER_AGENT_ACTIVITIES,durable_activities.model_decision,src/agent_activities/runtime.py::DurableAgentActivities.model_decision,agent_activities,src/orchestration/worker.py:346,
src/orchestration/worker.py::compose_web_workers,REGISTER_AGENT_ACTIVITIES,durable_activities.tool_execution,src/agent_activities/runtime.py::DurableAgentActivities.tool_execution,agent_activities,src/orchestration/worker.py:347,
src/orchestration/worker.py::compose_web_workers,REGISTER_AGENT_ACTIVITIES,durable_activities.file_action_approval_status,src/agent_activities/runtime.py::DurableAgentActivities.file_action_approval_status,agent_activities,src/orchestration/worker.py:348,
src/orchestration/worker.py::compose_web_workers,REGISTER_AGENT_ACTIVITIES,persistent_overwrite.execute,src/agent_activities/persistent_overwrite.py::PersistentOverwriteActivities.execute,agent_activities,src/orchestration/worker.py:349,
src/orchestration/worker.py::compose_web_workers,REGISTER_AGENT_ACTIVITIES,durable_activities.planning,src/agent_activities/runtime.py::DurableAgentActivities.planning,agent_activities,src/orchestration/worker.py:350,
src/orchestration/worker.py::compose_web_workers,REGISTER_AGENT_ACTIVITIES,durable_activities.evaluate_plan,src/agent_activities/runtime.py::DurableAgentActivities.evaluate_plan,agent_activities,src/orchestration/worker.py:351,
src/orchestration/worker.py::start_worker,DI_REGISTRY,"inject_services(qq_execution_host=deps.qq_execution_host, session_archive=deps.session_archive, memory_reflection=deps.memory_reflection, metrics=deps.metrics)",src/harness/activities.py::inject_services,,src/orchestration/worker.py:857,
src/orchestration/worker.py::start_worker,DI_REGISTRY,"deps.scheduler.register_handler('user_reminder', _handle_user_reminder)",,,src/orchestration/worker.py:891,
src/orchestration/worker.py::start_worker,REGISTER_WORKFLOWS,OrchestrationWorkflow,src/orchestration/workflow.py::OrchestrationWorkflow,config.temporal.task_queue,src/orchestration/worker.py:913,
src/orchestration/worker.py::start_worker,REGISTER_WORKFLOWS,ReflectWorkflow,src/orchestration/workflow.py::ReflectWorkflow,config.temporal.task_queue,src/orchestration/worker.py:913,
src/orchestration/worker.py::start_worker,REGISTER_WORKFLOWS,MetricsReportWorkflow,src/orchestration/workflow.py::MetricsReportWorkflow,config.temporal.task_queue,src/orchestration/worker.py:913,
src/orchestration/worker.py::start_worker,REGISTER_ACTIVITIES,process_turn_activity,src/harness/activities.py::process_turn_activity,config.temporal.task_queue,src/orchestration/worker.py:916,
src/orchestration/worker.py::start_worker,REGISTER_ACTIVITIES,archive_session_activity,src/harness/activities.py::archive_session_activity,config.temporal.task_queue,src/orchestration/worker.py:917,
src/orchestration/worker.py::start_worker,REGISTER_ACTIVITIES,reflect_activity,src/harness/activities.py::reflect_activity,config.temporal.task_queue,src/orchestration/worker.py:918,
src/orchestration/worker.py::start_worker,REGISTER_ACTIVITIES,reflect_batch_activity,src/harness/activities.py::reflect_batch_activity,config.temporal.task_queue,src/orchestration/worker.py:919,
src/orchestration/worker.py::start_worker,REGISTER_ACTIVITIES,metrics_report_activity,src/harness/activities.py::metrics_report_activity,config.temporal.task_queue,src/orchestration/worker.py:920,
src/orchestration/worker.py::start_worker,DI_REGISTRY,inject_scheduler(deps.scheduler),src/sandbox/tools/local/reminder.py::inject_scheduler,,src/orchestration/worker.py:898,config.scheduler.enabled
src/orchestration/worker.py::start_worker,DI_REGISTRY,"deps.channel_router.register(ch_type, channel)",,,src/orchestration/worker.py:967,
src/orchestration/workflow.py::OrchestrationWorkflow,DEFINITION_WORKFLOW,OrchestrationWorkflow,src/orchestration/workflow.py::OrchestrationWorkflow,,src/orchestration/workflow.py:22,
src/orchestration/workflow.py::ReflectWorkflow,DEFINITION_WORKFLOW,ReflectWorkflow,src/orchestration/workflow.py::ReflectWorkflow,,src/orchestration/workflow.py:207,
src/orchestration/workflow.py::MetricsReportWorkflow,DEFINITION_WORKFLOW,MetricsReportWorkflow,src/orchestration/workflow.py::MetricsReportWorkflow,,src/orchestration/workflow.py:230,
src/orchestration/workflow.py::OrchestrationWorkflow.run,TEMPORAL_INVOKE,'archive_session_activity',src/harness/activities.py::archive_session_activity,,src/orchestration/workflow.py:98,
src/orchestration/workflow.py::ReflectWorkflow.run,TEMPORAL_INVOKE,'reflect_batch_activity',src/harness/activities.py::reflect_batch_activity,,src/orchestration/workflow.py:218,
src/orchestration/workflow.py::MetricsReportWorkflow.run,TEMPORAL_INVOKE,'metrics_report_activity',src/harness/activities.py::metrics_report_activity,,src/orchestration/workflow.py:239,
src/orchestration/workflow.py::OrchestrationWorkflow.run,TEMPORAL_INVOKE,'archive_session_activity',src/harness/activities.py::archive_session_activity,,src/orchestration/workflow.py:107,re_archived
src/orchestration/workflow.py::OrchestrationWorkflow._process_turn,TEMPORAL_INVOKE,'process_turn_activity',src/harness/activities.py::process_turn_activity,,src/orchestration/workflow.py:155,
src/research_activities/runtime.py::ResearchActivities.trigger_scheduled_research_activity,DEFINITION_ACTIVITY,trigger_scheduled_research_activity,src/research_activities/runtime.py::ResearchActivities.trigger_scheduled_research_activity,,src/research_activities/runtime.py:79,
src/research_activities/runtime.py::ResearchActivities.prepare_research_activity,DEFINITION_ACTIVITY,prepare_research_activity,src/research_activities/runtime.py::ResearchActivities.prepare_research_activity,,src/research_activities/runtime.py:195,
src/research_activities/runtime.py::ResearchActivities.create_research_plan_activity,DEFINITION_ACTIVITY,create_research_plan_activity,src/research_activities/runtime.py::ResearchActivities.create_research_plan_activity,,src/research_activities/runtime.py:233,
src/research_activities/runtime.py::ResearchActivities.discover_research_sources_activity,DEFINITION_ACTIVITY,discover_research_sources_activity,src/research_activities/runtime.py::ResearchActivities.discover_research_sources_activity,,src/research_activities/runtime.py:278,
src/research_activities/runtime.py::ResearchActivities.rank_research_sources_activity,DEFINITION_ACTIVITY,rank_research_sources_activity,src/research_activities/runtime.py::ResearchActivities.rank_research_sources_activity,,src/research_activities/runtime.py:341,
src/research_activities/runtime.py::ResearchActivities.fetch_research_sources_activity,DEFINITION_ACTIVITY,fetch_research_sources_activity,src/research_activities/runtime.py::ResearchActivities.fetch_research_sources_activity,,src/research_activities/runtime.py:370,
src/research_activities/runtime.py::ResearchActivities.normalize_research_sources_activity,DEFINITION_ACTIVITY,normalize_research_sources_activity,src/research_activities/runtime.py::ResearchActivities.normalize_research_sources_activity,,src/research_activities/runtime.py:447,
src/research_activities/runtime.py::ResearchActivities.extract_research_evidence_activity,DEFINITION_ACTIVITY,extract_research_evidence_activity,src/research_activities/runtime.py::ResearchActivities.extract_research_evidence_activity,,src/research_activities/runtime.py:470,
src/research_activities/runtime.py::ResearchActivities.assess_research_corroboration_activity,DEFINITION_ACTIVITY,assess_research_corroboration_activity,src/research_activities/runtime.py::ResearchActivities.assess_research_corroboration_activity,,src/research_activities/runtime.py:526,
src/research_activities/runtime.py::ResearchActivities.analyze_research_gaps_activity,DEFINITION_ACTIVITY,analyze_research_gaps_activity,src/research_activities/runtime.py::ResearchActivities.analyze_research_gaps_activity,,src/research_activities/runtime.py:551,
src/research_activities/runtime.py::ResearchActivities.synthesize_research_report_activity,DEFINITION_ACTIVITY,synthesize_research_report_activity,src/research_activities/runtime.py::ResearchActivities.synthesize_research_report_activity,,src/research_activities/runtime.py:590,
src/research_activities/runtime.py::ResearchActivities.verify_research_citations_activity,DEFINITION_ACTIVITY,verify_research_citations_activity,src/research_activities/runtime.py::ResearchActivities.verify_research_citations_activity,,src/research_activities/runtime.py:621,
src/research_activities/runtime.py::ResearchActivities.compare_previous_research_activity,DEFINITION_ACTIVITY,compare_previous_research_activity,src/research_activities/runtime.py::ResearchActivities.compare_previous_research_activity,,src/research_activities/runtime.py:635,
src/research_activities/runtime.py::ResearchActivities.publish_research_artifact_activity,DEFINITION_ACTIVITY,publish_research_artifact_activity,src/research_activities/runtime.py::ResearchActivities.publish_research_artifact_activity,,src/research_activities/runtime.py:651,
src/research_activities/runtime.py::ResearchActivities.complete_research_activity,DEFINITION_ACTIVITY,complete_research_activity,src/research_activities/runtime.py::ResearchActivities.complete_research_activity,,src/research_activities/runtime.py:727,
src/research_activities/runtime.py::ResearchActivities.fail_research_activity,DEFINITION_ACTIVITY,fail_research_activity,src/research_activities/runtime.py::ResearchActivities.fail_research_activity,,src/research_activities/runtime.py:764,
src/sandbox/sandbox_manager.py::SandboxManager.create_session_sandbox,DI_REGISTRY,"registry.register(tool, category='native', routing=routing_for(tool, 'native'))",src/sandbox/tools/registry.py::ToolRegistry.register,,src/sandbox/sandbox_manager.py:164,
src/sandbox/sandbox_manager.py::SandboxManager.create_session_sandbox,DI_REGISTRY,"registry.register(tool, category='native', routing=routing_for(tool, 'native'))",src/sandbox/tools/registry.py::ToolRegistry.register,,src/sandbox/sandbox_manager.py:174,self._native_tools_enabled
src/sandbox/sandbox_manager.py::SandboxManager.create_session_sandbox,DI_REGISTRY,"registry.register(tool, category='native', routing=routing_for(tool, 'native'))",src/sandbox/tools/registry.py::ToolRegistry.register,,src/sandbox/sandbox_manager.py:193,self._file_tools_enabled and ctx.get('channel_type') == 'web'
src/sandbox/sandbox_manager.py::SandboxManager.create_session_sandbox,DI_REGISTRY,"registry.register(tool, category='mcp', routing=routing_for(tool, 'mcp'))",src/sandbox/tools/registry.py::ToolRegistry.register,,src/sandbox/sandbox_manager.py:204,self._mcp_manager
src/sandbox/sandbox_manager.py::SandboxManager.create_session_sandbox,DI_REGISTRY,"registry.register(skill_tool, category='skill', routing=routing_for(skill_tool, 'skill'))",src/sandbox/tools/registry.py::ToolRegistry.register,,src/sandbox/sandbox_manager.py:212,self._skill_definitions
src/sandbox/sandbox_manager.py::SandboxManager.create_session_sandbox,DI_REGISTRY,"registry.register(tool, category='native', routing=routing_for(tool, 'native'))",src/sandbox/tools/registry.py::ToolRegistry.register,,src/sandbox/sandbox_manager.py:200,self._file_tools_enabled and ctx.get('channel_type') == 'web' && self._file_output_publisher is not None
src/sandbox/tools/local/file_read.py::default_file_adapter_registry,DI_REGISTRY,"registry.register('fast_text', MarkItDownFastTextViewProvider(), extensions=('txt', 'md', 'html', 'csv', 'json', 'xml', 'pdf', 'docx', 'xlsx', 'pptx'))",src/file_runtime/registry.py::FileAdapterRegistry.register,,src/sandbox/tools/local/file_read.py:69,
src/sandbox/tools/local/file_read.py::default_file_adapter_registry,DI_REGISTRY,"registry.register('pdf', PdfAdapter(), media_types=('application/pdf',), extensions=('pdf',))",src/file_runtime/registry.py::FileAdapterRegistry.register,,src/sandbox/tools/local/file_read.py:73,
src/sandbox/tools/local/file_read.py::default_file_adapter_registry,DI_REGISTRY,"registry.register('docx', DocxAdapter(), media_types=('application/vnd.openxmlformats-officedocument.wordprocessingml.document',), extensions=('docx',))",src/file_runtime/registry.py::FileAdapterRegistry.register,,src/sandbox/tools/local/file_read.py:74,
src/sandbox/tools/local/file_read.py::default_file_adapter_registry,DI_REGISTRY,"registry.register('xlsx', XlsxAdapter(), media_types=('application/vnd.openxmlformats-officedocument.spreadsheetml.sheet',), extensions=('xlsx',))",src/file_runtime/registry.py::FileAdapterRegistry.register,,src/sandbox/tools/local/file_read.py:79,
src/sandbox/tools/local/file_read.py::default_file_adapter_registry,DI_REGISTRY,"registry.register('pptx', PptxAdapter(), media_types=('application/vnd.openxmlformats-officedocument.presentationml.presentation',), extensions=('pptx',))",src/file_runtime/registry.py::FileAdapterRegistry.register,,src/sandbox/tools/local/file_read.py:84,
src/web_api/app.py::create_app.register,DI_REGISTRY,"request.app.state.registration.register(payload.username, payload.password)",src/account/registration_service.py::RegistrationService.register,,src/web_api/app.py:516,
test/support/durable_worker_process.py::ActivityCrashToolWorkflow,DEFINITION_WORKFLOW,activity-crash-tool-workflow,test/support/durable_worker_process.py::ActivityCrashToolWorkflow,,test/support/durable_worker_process.py:92,
test/support/durable_worker_process.py::context_activity,DEFINITION_ACTIVITY,context_bootstrap_activity,test/support/durable_worker_process.py::context_activity,,test/support/durable_worker_process.py:149,
test/support/durable_worker_process.py::model_activity,DEFINITION_ACTIVITY,model_decision_activity,test/support/durable_worker_process.py::model_activity,,test/support/durable_worker_process.py:160,
test/support/durable_worker_process.py::tool_activity,DEFINITION_ACTIVITY,tool_execution_activity,test/support/durable_worker_process.py::tool_activity,,test/support/durable_worker_process.py:193,
test/support/durable_worker_process.py::benchmark_tool_activity,DEFINITION_ACTIVITY,tool_execution_activity,test/support/durable_worker_process.py::benchmark_tool_activity,,test/support/durable_worker_process.py:256,
test/support/durable_worker_process.py::planning_activity,DEFINITION_ACTIVITY,planning_activity,test/support/durable_worker_process.py::planning_activity,,test/support/durable_worker_process.py:276,
test/support/durable_worker_process.py::evaluation_activity,DEFINITION_ACTIVITY,evaluate_plan_activity,test/support/durable_worker_process.py::evaluation_activity,,test/support/durable_worker_process.py:292,
test/support/durable_worker_process.py::_serve,REGISTER_WORKFLOWS,AgentRunWorkflow,src/agent_workflows/agent_run.py::AgentRunWorkflow,AGENT_TASK_QUEUE,test/support/durable_worker_process.py:317,args.role == 'workflow'
test/support/durable_worker_process.py::_serve,REGISTER_WORKFLOWS,ReactAgentWorkflow,src/agent_workflows/react.py::ReactAgentWorkflow,AGENT_TASK_QUEUE,test/support/durable_worker_process.py:318,args.role == 'workflow'
test/support/durable_worker_process.py::_serve,REGISTER_WORKFLOWS,PlanAndExecuteWorkflow,src/agent_workflows/plan_execute.py::PlanAndExecuteWorkflow,AGENT_TASK_QUEUE,test/support/durable_worker_process.py:319,args.role == 'workflow'
test/support/durable_worker_process.py::_serve,REGISTER_WORKFLOWS,AgentStepWorkflow,src/agent_workflows/agent_step.py::AgentStepWorkflow,AGENT_TASK_QUEUE,test/support/durable_worker_process.py:320,args.role == 'workflow'
test/support/durable_worker_process.py::_serve,REGISTER_WORKFLOWS,ToolExecutionWorkflow,src/agent_workflows/tool_execution.py::ToolExecutionWorkflow,AGENT_TASK_QUEUE,test/support/durable_worker_process.py:321,args.role == 'workflow'
test/support/durable_worker_process.py::_serve,REGISTER_WORKFLOWS,ActivityCrashToolWorkflow,test/support/durable_worker_process.py::ActivityCrashToolWorkflow,AGENT_TASK_QUEUE,test/support/durable_worker_process.py:322,args.role == 'workflow'
test/support/durable_worker_process.py::ActivityCrashToolWorkflow.run,TEMPORAL_INVOKE,'tool_execution_activity',test/web_persistence/test_f4_2_approval_temporal.py::pending_tool,AGENT_TASK_QUEUE,test/support/durable_worker_process.py:96,
test/support/durable_worker_process.py::_serve,REGISTER_ACTIVITIES,context_activity,test/support/durable_worker_process.py::context_activity,AGENT_TASK_QUEUE,test/support/durable_worker_process.py:330,NOT args.role == 'workflow' && args.role == 'activity'
test/support/durable_worker_process.py::_serve,REGISTER_ACTIVITIES,model_activity,test/support/durable_worker_process.py::model_activity,AGENT_TASK_QUEUE,test/support/durable_worker_process.py:331,NOT args.role == 'workflow' && args.role == 'activity'
test/support/durable_worker_process.py::_serve,REGISTER_ACTIVITIES,tool_activity,test/support/durable_worker_process.py::tool_activity,AGENT_TASK_QUEUE,test/support/durable_worker_process.py:332,NOT args.role == 'workflow' && args.role == 'activity'
test/support/durable_worker_process.py::_serve,REGISTER_ACTIVITIES,planning_activity,test/support/durable_worker_process.py::planning_activity,AGENT_TASK_QUEUE,test/support/durable_worker_process.py:333,NOT args.role == 'workflow' && args.role == 'activity'
test/support/durable_worker_process.py::_serve,REGISTER_ACTIVITIES,evaluation_activity,test/support/durable_worker_process.py::evaluation_activity,AGENT_TASK_QUEUE,test/support/durable_worker_process.py:334,NOT args.role == 'workflow' && args.role == 'activity'
test/support/durable_worker_process.py::_serve,REGISTER_ACTIVITIES,benchmark_tool_activity,test/support/durable_worker_process.py::benchmark_tool_activity,AGENT_TASK_QUEUE,test/support/durable_worker_process.py:343,NOT args.role == 'workflow' && NOT args.role == 'activity' && args.role == 'benchmark-activity'
test/support/durable_worker_process.py::_serve,REGISTER_ACTIVITIES,durable.tool_execution,src/agent_activities/runtime.py::DurableAgentActivities.tool_execution,AGENT_TASK_QUEUE,test/support/durable_worker_process.py:361,NOT args.role == 'workflow' && NOT args.role == 'activity' && NOT args.role == 'benchmark-activity'
test/support/research_worker_process.py::simple.implementation,DEFINITION_ACTIVITY,implementation,test/support/research_worker_process.py::simple.implementation,,test/support/research_worker_process.py:31,
test/support/research_worker_process.py::main.fetch,DEFINITION_ACTIVITY,fetch_research_sources_activity,test/support/research_worker_process.py::main.fetch,,test/support/research_worker_process.py:58,
test/support/research_worker_process.py::main.gaps,DEFINITION_ACTIVITY,analyze_research_gaps_activity,test/support/research_worker_process.py::main.gaps,,test/support/research_worker_process.py:69,
test/support/research_worker_process.py::main.trigger_schedule,DEFINITION_ACTIVITY,trigger_scheduled_research_activity,test/support/research_worker_process.py::main.trigger_schedule,,test/support/research_worker_process.py:73,
test/support/research_worker_process.py::main,REGISTER_WORKFLOWS,ResearchReportWorkflow,src/orchestration/research_workflow.py::ResearchReportWorkflow,WEB_LIFECYCLE_TASK_QUEUE,test/support/research_worker_process.py:81,
test/support/research_worker_process.py::main,REGISTER_WORKFLOWS,ResearchTaskScheduleWorkflow,src/orchestration/research_workflow.py::ResearchTaskScheduleWorkflow,WEB_LIFECYCLE_TASK_QUEUE,test/support/research_worker_process.py:81,
test/support/research_worker_process.py::main,REGISTER_ACTIVITIES,prepare,test/support/research_worker_process.py::simple,WEB_LIFECYCLE_TASK_QUEUE,test/support/research_worker_process.py:83,
test/support/research_worker_process.py::main,REGISTER_ACTIVITIES,plan,test/support/research_worker_process.py::simple,WEB_LIFECYCLE_TASK_QUEUE,test/support/research_worker_process.py:83,
test/support/research_worker_process.py::main,REGISTER_ACTIVITIES,discover,test/support/research_worker_process.py::simple,WEB_LIFECYCLE_TASK_QUEUE,test/support/research_worker_process.py:83,
test/support/research_worker_process.py::main,REGISTER_ACTIVITIES,rank,test/support/research_worker_process.py::simple,WEB_LIFECYCLE_TASK_QUEUE,test/support/research_worker_process.py:83,
test/support/research_worker_process.py::main,REGISTER_ACTIVITIES,fetch,test/support/research_worker_process.py::main.fetch,WEB_LIFECYCLE_TASK_QUEUE,test/support/research_worker_process.py:83,
test/support/research_worker_process.py::main,REGISTER_ACTIVITIES,normalize,test/support/research_worker_process.py::simple,WEB_LIFECYCLE_TASK_QUEUE,test/support/research_worker_process.py:83,
test/support/research_worker_process.py::main,REGISTER_ACTIVITIES,evidence,test/support/research_worker_process.py::simple,WEB_LIFECYCLE_TASK_QUEUE,test/support/research_worker_process.py:83,
test/support/research_worker_process.py::main,REGISTER_ACTIVITIES,corroborate,test/support/research_worker_process.py::simple,WEB_LIFECYCLE_TASK_QUEUE,test/support/research_worker_process.py:83,
test/support/research_worker_process.py::main,REGISTER_ACTIVITIES,gaps,test/support/research_worker_process.py::main.gaps,WEB_LIFECYCLE_TASK_QUEUE,test/support/research_worker_process.py:84,
test/support/research_worker_process.py::main,REGISTER_ACTIVITIES,synthesize,test/support/research_worker_process.py::simple,WEB_LIFECYCLE_TASK_QUEUE,test/support/research_worker_process.py:84,
test/support/research_worker_process.py::main,REGISTER_ACTIVITIES,verify,test/support/research_worker_process.py::simple,WEB_LIFECYCLE_TASK_QUEUE,test/support/research_worker_process.py:84,
test/support/research_worker_process.py::main,REGISTER_ACTIVITIES,compare,test/support/research_worker_process.py::simple,WEB_LIFECYCLE_TASK_QUEUE,test/support/research_worker_process.py:84,
test/support/research_worker_process.py::main,REGISTER_ACTIVITIES,publish,test/support/research_worker_process.py::simple,WEB_LIFECYCLE_TASK_QUEUE,test/support/research_worker_process.py:84,
test/support/research_worker_process.py::main,REGISTER_ACTIVITIES,complete,test/support/research_worker_process.py::simple,WEB_LIFECYCLE_TASK_QUEUE,test/support/research_worker_process.py:84,
test/support/research_worker_process.py::main,REGISTER_ACTIVITIES,fail,test/support/research_worker_process.py::simple,WEB_LIFECYCLE_TASK_QUEUE,test/support/research_worker_process.py:84,
test/support/research_worker_process.py::main,REGISTER_ACTIVITIES,trigger_schedule,test/support/research_worker_process.py::main.trigger_schedule,WEB_LIFECYCLE_TASK_QUEUE,test/support/research_worker_process.py:84,
test/test_agent/test_compensation.py::TestCompensationRegistry.test_instance_isolation,DI_REGISTRY,"reg1.register('type_a', handler)",src/agent/compensation.py::CompensationRegistry.register,,test/test_agent/test_compensation.py:26,
test/test_agent/test_orchestrator.py::TestOrchestratorCompensation.test_compensation_on_terminate,DI_REGISTRY,"comp_reg.register('compensatable', RecordingHandler())",src/agent/compensation.py::CompensationRegistry.register,,test/test_agent/test_orchestrator.py:397,
test/test_document_temporal_integration.py::normalize_document,DEFINITION_ACTIVITY,normalize_document_activity,test/test_document_temporal_integration.py::normalize_document,,test/test_document_temporal_integration.py:23,
test/test_document_temporal_integration.py::test_document_workflow_routes_to_dedicated_queue_with_compact_history,REGISTER_WORKFLOWS,NormalizeDocumentWorkflow,src/orchestration/document_workflow.py::NormalizeDocumentWorkflow,lifecycle_queue,test/test_document_temporal_integration.py:43,
test/test_document_temporal_integration.py::test_document_workflow_routes_to_dedicated_queue_with_compact_history,REGISTER_ACTIVITIES,normalize_document,test/test_document_temporal_integration.py::normalize_document,DOCUMENT_TASK_QUEUE,test/test_document_temporal_integration.py:46,
test/test_document_temporal_integration.py::test_large_document_read_tool_routes_through_real_document_worker,REGISTER_WORKFLOWS,NormalizeDocumentWorkflow,src/orchestration/document_workflow.py::NormalizeDocumentWorkflow,lifecycle_queue,test/test_document_temporal_integration.py:82,
test/test_document_temporal_integration.py::test_large_document_read_tool_routes_through_real_document_worker,REGISTER_ACTIVITIES,normalize_document,test/test_document_temporal_integration.py::normalize_document,DOCUMENT_TASK_QUEUE,test/test_document_temporal_integration.py:85,
test/test_document_temporal_integration.py::test_document_workflow_routes_to_dedicated_queue_with_compact_history,TEMPORAL_INVOKE,NormalizeDocumentWorkflow.run,src/orchestration/document_workflow.py::NormalizeDocumentWorkflow.run,lifecycle_queue,test/test_document_temporal_integration.py:55,
test/test_document_temporal_integration.py::test_document_workflow_routes_to_dedicated_queue_with_compact_history,REGISTER_WORKFLOWS,NormalizeDocumentWorkflow,src/orchestration/document_workflow.py::NormalizeDocumentWorkflow,workflows,test/test_document_temporal_integration.py:69,
test/test_durable_agent_temporal_integration.py::fake_context,DEFINITION_ACTIVITY,context_bootstrap_activity,test/test_durable_agent_temporal_integration.py::fake_context,,test/test_durable_agent_temporal_integration.py:37,
test/test_durable_agent_temporal_integration.py::fake_model,DEFINITION_ACTIVITY,model_decision_activity,test/test_durable_agent_temporal_integration.py::fake_model,,test/test_durable_agent_temporal_integration.py:47,
test/test_durable_agent_temporal_integration.py::fake_tool,DEFINITION_ACTIVITY,tool_execution_activity,test/test_durable_agent_temporal_integration.py::fake_tool,,test/test_durable_agent_temporal_integration.py:75,
test/test_durable_agent_temporal_integration.py::fake_planning,DEFINITION_ACTIVITY,planning_activity,test/test_durable_agent_temporal_integration.py::fake_planning,,test/test_durable_agent_temporal_integration.py:86,
test/test_durable_agent_temporal_integration.py::fake_evaluation,DEFINITION_ACTIVITY,evaluate_plan_activity,test/test_durable_agent_temporal_integration.py::fake_evaluation,,test/test_durable_agent_temporal_integration.py:101,
test/test_durable_agent_temporal_integration.py::_run,REGISTER_WORKFLOWS,AgentRunWorkflow,src/agent_workflows/agent_run.py::AgentRunWorkflow,AGENT_TASK_QUEUE,test/test_durable_agent_temporal_integration.py:138,
test/test_durable_agent_temporal_integration.py::_run,REGISTER_WORKFLOWS,ReactAgentWorkflow,src/agent_workflows/react.py::ReactAgentWorkflow,AGENT_TASK_QUEUE,test/test_durable_agent_temporal_integration.py:139,
test/test_durable_agent_temporal_integration.py::_run,REGISTER_WORKFLOWS,PlanAndExecuteWorkflow,src/agent_workflows/plan_execute.py::PlanAndExecuteWorkflow,AGENT_TASK_QUEUE,test/test_durable_agent_temporal_integration.py:140,
test/test_durable_agent_temporal_integration.py::_run,REGISTER_WORKFLOWS,AgentStepWorkflow,src/agent_workflows/agent_step.py::AgentStepWorkflow,AGENT_TASK_QUEUE,test/test_durable_agent_temporal_integration.py:141,
test/test_durable_agent_temporal_integration.py::_run,REGISTER_WORKFLOWS,ToolExecutionWorkflow,src/agent_workflows/tool_execution.py::ToolExecutionWorkflow,AGENT_TASK_QUEUE,test/test_durable_agent_temporal_integration.py:142,
test/test_durable_agent_temporal_integration.py::_run,REGISTER_ACTIVITIES,fake_context,test/test_durable_agent_temporal_integration.py::fake_context,AGENT_TASK_QUEUE,test/test_durable_agent_temporal_integration.py:145,
test/test_durable_agent_temporal_integration.py::_run,REGISTER_ACTIVITIES,fake_model,test/test_durable_agent_temporal_integration.py::fake_model,AGENT_TASK_QUEUE,test/test_durable_agent_temporal_integration.py:146,
test/test_durable_agent_temporal_integration.py::_run,REGISTER_ACTIVITIES,fake_tool,test/test_durable_agent_temporal_integration.py::fake_tool,AGENT_TASK_QUEUE,test/test_durable_agent_temporal_integration.py:147,
test/test_durable_agent_temporal_integration.py::_run,REGISTER_ACTIVITIES,fake_planning,test/test_durable_agent_temporal_integration.py::fake_planning,AGENT_TASK_QUEUE,test/test_durable_agent_temporal_integration.py:148,
test/test_durable_agent_temporal_integration.py::_run,REGISTER_ACTIVITIES,fake_evaluation,test/test_durable_agent_temporal_integration.py::fake_evaluation,AGENT_TASK_QUEUE,test/test_durable_agent_temporal_integration.py:149,
test/test_durable_agent_temporal_integration.py::test_agent_router_rejects_unknown_strategy,REGISTER_WORKFLOWS,AgentRunWorkflow,src/agent_workflows/agent_run.py::AgentRunWorkflow,AGENT_TASK_QUEUE,test/test_durable_agent_temporal_integration.py:184,
test/test_durable_agent_worker_kill.py::test_workflow_process_kill_replays_without_repeating_completed_operations,TEMPORAL_INVOKE,AgentRunWorkflow.run,src/agent_workflows/agent_run.py::AgentRunWorkflow.run,AGENT_TASK_QUEUE,test/test_durable_agent_worker_kill.py:134,
test/test_file_assistant_f0.py::test_registry_is_capability_aware_and_deterministic,DI_REGISTRY,"registry.register('fast_text', lower, extensions=('txt',), priority=1)",src/file_runtime/registry.py::FileAdapterRegistry.register,,test/test_file_assistant_f0.py:59,
test/test_file_assistant_f0.py::test_registry_is_capability_aware_and_deterministic,DI_REGISTRY,"registry.register('fast_text', higher, media_types=('text/plain',), priority=2)",src/file_runtime/registry.py::FileAdapterRegistry.register,,test/test_file_assistant_f0.py:60,
test/test_file_assistant_f0.py::test_registry_rejects_ambiguous_highest_priority,DI_REGISTRY,"registry.register('fast_text', object(), extensions=('.txt',), priority=1)",src/file_runtime/registry.py::FileAdapterRegistry.register,,test/test_file_assistant_f0.py:72,
test/test_file_assistant_f0.py::test_registry_rejects_ambiguous_highest_priority,DI_REGISTRY,"registry.register('fast_text', object(), media_types=('text/plain',), priority=1)",src/file_runtime/registry.py::FileAdapterRegistry.register,,test/test_file_assistant_f0.py:73,
test/test_file_read_tools.py::test_tool_result_fails_bounded_when_adapter_payload_is_too_large,DI_REGISTRY,"registry.register('pdf', SimpleNamespace(inspect=lambda resource: {'content': 'x' * 600000}), extensions=('pdf',))",src/file_runtime/registry.py::FileAdapterRegistry.register,,test/test_file_read_tools.py:161,
test/test_qq_execution_compat.py::_inject_host,DI_REGISTRY,"inject_services(qq_execution_host=host, session_archive=unused, memory_reflection=unused, metrics=unused)",src/harness/activities.py::inject_services,,test/test_qq_execution_compat.py:25,
test/test_research_temporal_integration.py::prepare,DEFINITION_ACTIVITY,prepare_research_activity,test/test_research_temporal_integration.py::prepare,,test/test_research_temporal_integration.py:42,
test/test_research_temporal_integration.py::plan,DEFINITION_ACTIVITY,create_research_plan_activity,test/test_research_temporal_integration.py::plan,,test/test_research_temporal_integration.py:47,
test/test_research_temporal_integration.py::discover,DEFINITION_ACTIVITY,discover_research_sources_activity,test/test_research_temporal_integration.py::discover,,test/test_research_temporal_integration.py:52,
test/test_research_temporal_integration.py::rank,DEFINITION_ACTIVITY,rank_research_sources_activity,test/test_research_temporal_integration.py::rank,,test/test_research_temporal_integration.py:57,
test/test_research_temporal_integration.py::fetch,DEFINITION_ACTIVITY,fetch_research_sources_activity,test/test_research_temporal_integration.py::fetch,,test/test_research_temporal_integration.py:62,
test/test_research_temporal_integration.py::normalize,DEFINITION_ACTIVITY,normalize_research_sources_activity,test/test_research_temporal_integration.py::normalize,,test/test_research_temporal_integration.py:67,
test/test_research_temporal_integration.py::evidence,DEFINITION_ACTIVITY,extract_research_evidence_activity,test/test_research_temporal_integration.py::evidence,,test/test_research_temporal_integration.py:72,
test/test_research_temporal_integration.py::corroboration,DEFINITION_ACTIVITY,assess_research_corroboration_activity,test/test_research_temporal_integration.py::corroboration,,test/test_research_temporal_integration.py:77,
test/test_research_temporal_integration.py::gaps,DEFINITION_ACTIVITY,analyze_research_gaps_activity,test/test_research_temporal_integration.py::gaps,,test/test_research_temporal_integration.py:82,
test/test_research_temporal_integration.py::synthesize,DEFINITION_ACTIVITY,synthesize_research_report_activity,test/test_research_temporal_integration.py::synthesize,,test/test_research_temporal_integration.py:92,
test/test_research_temporal_integration.py::verify,DEFINITION_ACTIVITY,verify_research_citations_activity,test/test_research_temporal_integration.py::verify,,test/test_research_temporal_integration.py:97,
test/test_research_temporal_integration.py::compare,DEFINITION_ACTIVITY,compare_previous_research_activity,test/test_research_temporal_integration.py::compare,,test/test_research_temporal_integration.py:102,
test/test_research_temporal_integration.py::publish,DEFINITION_ACTIVITY,publish_research_artifact_activity,test/test_research_temporal_integration.py::publish,,test/test_research_temporal_integration.py:107,
test/test_research_temporal_integration.py::complete,DEFINITION_ACTIVITY,complete_research_activity,test/test_research_temporal_integration.py::complete,,test/test_research_temporal_integration.py:112,
test/test_research_temporal_integration.py::fail,DEFINITION_ACTIVITY,fail_research_activity,test/test_research_temporal_integration.py::fail,,test/test_research_temporal_integration.py:117,
test/test_research_temporal_integration.py::test_real_temporal_research_workflow_replays_with_compact_refs,REGISTER_WORKFLOWS,ResearchReportWorkflow,src/orchestration/research_workflow.py::ResearchReportWorkflow,WEB_LIFECYCLE_TASK_QUEUE,test/test_research_temporal_integration.py:146,
test/test_research_temporal_integration.py::test_real_temporal_research_workflow_replays_with_compact_refs,REGISTER_ACTIVITIES,prepare,test/test_research_temporal_integration.py::prepare,WEB_LIFECYCLE_TASK_QUEUE,test/test_research_temporal_integration.py:148,
test/test_research_temporal_integration.py::test_real_temporal_research_workflow_replays_with_compact_refs,REGISTER_ACTIVITIES,plan,test/test_research_temporal_integration.py::plan,WEB_LIFECYCLE_TASK_QUEUE,test/test_research_temporal_integration.py:149,
test/test_research_temporal_integration.py::test_real_temporal_research_workflow_replays_with_compact_refs,REGISTER_ACTIVITIES,discover,test/test_research_temporal_integration.py::discover,WEB_LIFECYCLE_TASK_QUEUE,test/test_research_temporal_integration.py:150,
test/test_research_temporal_integration.py::test_real_temporal_research_workflow_replays_with_compact_refs,REGISTER_ACTIVITIES,rank,test/test_research_temporal_integration.py::rank,WEB_LIFECYCLE_TASK_QUEUE,test/test_research_temporal_integration.py:151,
test/test_research_temporal_integration.py::test_real_temporal_research_workflow_replays_with_compact_refs,REGISTER_ACTIVITIES,fetch,test/test_research_temporal_integration.py::fetch,WEB_LIFECYCLE_TASK_QUEUE,test/test_research_temporal_integration.py:152,
test/test_research_temporal_integration.py::test_real_temporal_research_workflow_replays_with_compact_refs,REGISTER_ACTIVITIES,normalize,test/test_research_temporal_integration.py::normalize,WEB_LIFECYCLE_TASK_QUEUE,test/test_research_temporal_integration.py:153,
test/test_research_temporal_integration.py::test_real_temporal_research_workflow_replays_with_compact_refs,REGISTER_ACTIVITIES,evidence,test/test_research_temporal_integration.py::evidence,WEB_LIFECYCLE_TASK_QUEUE,test/test_research_temporal_integration.py:154,
test/test_research_temporal_integration.py::test_real_temporal_research_workflow_replays_with_compact_refs,REGISTER_ACTIVITIES,corroboration,test/test_research_temporal_integration.py::corroboration,WEB_LIFECYCLE_TASK_QUEUE,test/test_research_temporal_integration.py:155,
test/test_research_temporal_integration.py::test_real_temporal_research_workflow_replays_with_compact_refs,REGISTER_ACTIVITIES,gaps,test/test_research_temporal_integration.py::gaps,WEB_LIFECYCLE_TASK_QUEUE,test/test_research_temporal_integration.py:156,
test/test_research_temporal_integration.py::test_real_temporal_research_workflow_replays_with_compact_refs,REGISTER_ACTIVITIES,synthesize,test/test_research_temporal_integration.py::synthesize,WEB_LIFECYCLE_TASK_QUEUE,test/test_research_temporal_integration.py:157,
test/test_research_temporal_integration.py::test_real_temporal_research_workflow_replays_with_compact_refs,REGISTER_ACTIVITIES,verify,test/test_research_temporal_integration.py::verify,WEB_LIFECYCLE_TASK_QUEUE,test/test_research_temporal_integration.py:158,
test/test_research_temporal_integration.py::test_real_temporal_research_workflow_replays_with_compact_refs,REGISTER_ACTIVITIES,compare,test/test_research_temporal_integration.py::compare,WEB_LIFECYCLE_TASK_QUEUE,test/test_research_temporal_integration.py:159,
test/test_research_temporal_integration.py::test_real_temporal_research_workflow_replays_with_compact_refs,REGISTER_ACTIVITIES,publish,test/test_research_temporal_integration.py::publish,WEB_LIFECYCLE_TASK_QUEUE,test/test_research_temporal_integration.py:160,
test/test_research_temporal_integration.py::test_real_temporal_research_workflow_replays_with_compact_refs,REGISTER_ACTIVITIES,complete,test/test_research_temporal_integration.py::complete,WEB_LIFECYCLE_TASK_QUEUE,test/test_research_temporal_integration.py:161,
test/test_research_temporal_integration.py::test_real_temporal_research_workflow_replays_with_compact_refs,REGISTER_ACTIVITIES,fail,test/test_research_temporal_integration.py::fail,WEB_LIFECYCLE_TASK_QUEUE,test/test_research_temporal_integration.py:162,
test/test_research_temporal_integration.py::test_real_temporal_research_workflow_replays_with_compact_refs,REGISTER_WORKFLOWS,ResearchReportWorkflow,src/orchestration/research_workflow.py::ResearchReportWorkflow,workflows,test/test_research_temporal_integration.py:174,
test/test_research_worker_kill.py::test_fetch_activity_worker_sigkill_retries_and_resumes_same_research_workflow,TEMPORAL_INVOKE,ResearchReportWorkflow.run,src/orchestration/research_workflow.py::ResearchReportWorkflow.run,WEB_LIFECYCLE_TASK_QUEUE,test/test_research_worker_kill.py:52,
test/test_tool_execution_approval_temporal.py::approval_tool,DEFINITION_ACTIVITY,tool_execution_activity,test/test_tool_execution_approval_temporal.py::approval_tool,,test/test_tool_execution_approval_temporal.py:37,
test/test_tool_execution_approval_temporal.py::approval_status,DEFINITION_ACTIVITY,file_action_approval_status_activity,test/test_tool_execution_approval_temporal.py::approval_status,,test/test_tool_execution_approval_temporal.py:52,
test/test_tool_execution_approval_temporal.py::approved_execution,DEFINITION_ACTIVITY,approved_file_action_execution_activity,test/test_tool_execution_approval_temporal.py::approved_execution,,test/test_tool_execution_approval_temporal.py:60,
test/test_tool_execution_approval_temporal.py::_worker,REGISTER_WORKFLOWS,ToolExecutionWorkflow,src/agent_workflows/tool_execution.py::ToolExecutionWorkflow,AGENT_TASK_QUEUE,test/test_tool_execution_approval_temporal.py:84,
test/test_tool_execution_approval_temporal.py::_worker,REGISTER_ACTIVITIES,approval_tool,test/test_tool_execution_approval_temporal.py::approval_tool,AGENT_TASK_QUEUE,test/test_tool_execution_approval_temporal.py:85,
test/test_tool_execution_approval_temporal.py::_worker,REGISTER_ACTIVITIES,approval_status,test/test_tool_execution_approval_temporal.py::approval_status,AGENT_TASK_QUEUE,test/test_tool_execution_approval_temporal.py:85,
test/test_tool_execution_approval_temporal.py::_worker,REGISTER_ACTIVITIES,approved_execution,test/test_tool_execution_approval_temporal.py::approved_execution,AGENT_TASK_QUEUE,test/test_tool_execution_approval_temporal.py:85,
test/test_tool_execution_approval_temporal.py::test_wait_survives_worker_restart_and_uses_authoritative_decision,TEMPORAL_INVOKE,ToolExecutionWorkflow.run,src/agent_workflows/tool_execution.py::ToolExecutionWorkflow.run,AGENT_TASK_QUEUE,test/test_tool_execution_approval_temporal.py:110,
test/test_tool_router.py::_registered,DI_REGISTRY,"registry.register(_tool(name), routing=spec)",src/sandbox/tools/registry.py::ToolRegistry.register,,test/test_tool_router.py:39,
test/test_tool_router.py::test_router_retrieves_only_eligible_and_reserves_front_door,DI_REGISTRY,"registry.register(_tool('read_file'), routing=ToolRoutingSpec('file.read', ToolExposure.FRONT_DOOR, ResourceScope.CURRENT_RUN, requires_run_file_scope=True, accepts_extensions=frozenset({'txt', 'pdf'}), front_door_family='current_run_file', front_door_priority=100))",src/sandbox/tools/registry.py::ToolRegistry.register,,test/test_tool_router.py:83,
test/test_tool_router.py::test_router_retrieves_only_eligible_and_reserves_front_door,DI_REGISTRY,"registry.register(_tool('read_pdf_pages'), routing=ToolRoutingSpec('file.pdf.pages', resource_scope=ResourceScope.CURRENT_RUN, requires_run_file_scope=True, accepts_extensions=frozenset({'pdf'})))",src/sandbox/tools/registry.py::ToolRegistry.register,,test/test_tool_router.py:88,
test/test_tool_router.py::test_router_retrieves_only_eligible_and_reserves_front_door,DI_REGISTRY,"registry.register(_tool('weather'), routing=ToolRoutingSpec('weather.lookup'))",src/sandbox/tools/registry.py::ToolRegistry.register,,test/test_tool_router.py:92,
test/test_tool_router.py::test_registry_rejects_missing_contract_and_name_collision,DI_REGISTRY,"registry.register(_tool('alpha'), routing=ToolRoutingSpec('test.alpha'))",src/sandbox/tools/registry.py::ToolRegistry.register,,test/test_tool_router.py:131,
test/test_tool_router.py::test_frozen_registry_rejects_every_mutation,DI_REGISTRY,"registry.register(_tool('alpha'), routing=ToolRoutingSpec('test.alpha'))",src/sandbox/tools/registry.py::ToolRegistry.register,,test/test_tool_router.py:209,
test/test_tool_router.py::test_concurrent_selection_keeps_audits_request_local,DI_REGISTRY,"registry.register(_tool(name), routing=ToolRoutingSpec(f'test.{name}'))",src/sandbox/tools/registry.py::ToolRegistry.register,,test/test_tool_router.py:110,
test/test_tool_router.py::test_registry_rejects_missing_contract_and_name_collision,DI_REGISTRY,registry.register(_tool('alpha')),src/sandbox/tools/registry.py::ToolRegistry.register,,test/test_tool_router.py:130,
test/test_tool_router.py::test_registry_rejects_missing_contract_and_name_collision,DI_REGISTRY,"registry.register(_tool('alpha'), category='mcp', routing=ToolRoutingSpec('mcp.test.alpha'))",src/sandbox/tools/registry.py::ToolRegistry.register,,test/test_tool_router.py:133,
test/test_tool_router.py::test_frozen_registry_rejects_every_mutation,DI_REGISTRY,"registry.register(_tool('beta'), routing=ToolRoutingSpec('test.beta'))",src/sandbox/tools/registry.py::ToolRegistry.register,,test/test_tool_router.py:212,
test/test_tool_router.py::test_frozen_registry_rejects_every_mutation,DI_REGISTRY,registry.unregister('alpha'),src/sandbox/tools/registry.py::ToolRegistry.unregister,,test/test_tool_router.py:214,
test/test_tool_router.py::test_front_doors_are_ordered_by_priority_then_deterministic_ties,DI_REGISTRY,"registry.register(_tool(name), routing=ToolRoutingSpec(f'test.{name}', exposure=ToolExposure.FRONT_DOOR, front_door_family=family, front_door_priority=priority))",src/sandbox/tools/registry.py::ToolRegistry.register,,test/test_tool_router.py:232,
test/test_web_temporal_contract.py::test_lifecycle_activity_adapter_loads_authority_only_by_run_id,DI_REGISTRY,inject_web_lifecycle(FakeLifecycle()),src/orchestration/web_activities.py::inject_web_lifecycle,,test/test_web_temporal_contract.py:185,
test/test_web_temporal_contract.py::test_agent_activity_returns_only_after_host_completion,DI_REGISTRY,inject_web_execution_host(Host()),src/orchestration/web_activities.py::inject_web_execution_host,,test/test_web_temporal_contract.py:643,
test/test_web_temporal_integration.py::integration_prepare,DEFINITION_ACTIVITY,prepare_run_activity,test/test_web_temporal_integration.py::integration_prepare,,test/test_web_temporal_integration.py:28,
test/test_web_temporal_integration.py::integration_execute,DEFINITION_ACTIVITY,execute_agent_activity,test/test_web_temporal_integration.py::integration_execute,,test/test_web_temporal_integration.py:33,
test/test_web_temporal_integration.py::integration_finalize_failed,DEFINITION_ACTIVITY,finalize_failed_activity,test/test_web_temporal_integration.py::integration_finalize_failed,,test/test_web_temporal_integration.py:55,
test/test_web_temporal_integration.py::integration_finalize_cancelled,DEFINITION_ACTIVITY,finalize_cancelled_activity,test/test_web_temporal_integration.py::integration_finalize_cancelled,,test/test_web_temporal_integration.py:61,
test/test_web_temporal_integration.py::_run_crash_agent_worker.run.crash_execute,DEFINITION_ACTIVITY,execute_agent_activity,test/test_web_temporal_integration.py::_run_crash_agent_worker.run.crash_execute,,test/test_web_temporal_integration.py:89,
test/test_web_temporal_integration.py::test_td_001_real_temporal_duplicate_start_executes_agent_once,REGISTER_LIFECYCLE_ACTIVITIES,integration_prepare,test/test_web_temporal_integration.py::integration_prepare,lifecycle_activities,test/test_web_temporal_integration.py:115,
test/test_web_temporal_integration.py::test_td_001_real_temporal_duplicate_start_executes_agent_once,REGISTER_LIFECYCLE_ACTIVITIES,integration_finalize_failed,test/test_web_temporal_integration.py::integration_finalize_failed,lifecycle_activities,test/test_web_temporal_integration.py:116,
test/test_web_temporal_integration.py::test_td_001_real_temporal_duplicate_start_executes_agent_once,REGISTER_LIFECYCLE_ACTIVITIES,integration_finalize_cancelled,test/test_web_temporal_integration.py::integration_finalize_cancelled,lifecycle_activities,test/test_web_temporal_integration.py:117,
test/test_web_temporal_integration.py::test_td_001_real_temporal_duplicate_start_executes_agent_once,REGISTER_AGENT_ACTIVITIES,integration_execute,test/test_web_temporal_integration.py::integration_execute,agent_activities,test/test_web_temporal_integration.py:119,
test/test_web_temporal_integration.py::test_td_005_agent_worker_sigkill_heartbeat_timeout_fails_without_retry,REGISTER_WORKFLOWS,WebRunWorkflow,src/orchestration/web_workflow.py::WebRunWorkflow,WEB_LIFECYCLE_TASK_QUEUE,test/test_web_temporal_integration.py:158,
test/test_web_temporal_integration.py::test_td_005_agent_worker_sigkill_heartbeat_timeout_fails_without_retry,REGISTER_ACTIVITIES,integration_prepare,test/test_web_temporal_integration.py::integration_prepare,WEB_LIFECYCLE_TASK_QUEUE,test/test_web_temporal_integration.py:160,
test/test_web_temporal_integration.py::test_td_005_agent_worker_sigkill_heartbeat_timeout_fails_without_retry,REGISTER_ACTIVITIES,integration_finalize_failed,test/test_web_temporal_integration.py::integration_finalize_failed,WEB_LIFECYCLE_TASK_QUEUE,test/test_web_temporal_integration.py:161,
test/test_web_temporal_integration.py::test_td_005_agent_worker_sigkill_heartbeat_timeout_fails_without_retry,REGISTER_ACTIVITIES,integration_finalize_cancelled,test/test_web_temporal_integration.py::integration_finalize_cancelled,WEB_LIFECYCLE_TASK_QUEUE,test/test_web_temporal_integration.py:162,
test/test_web_temporal_integration.py::test_td_006_td_019_real_temporal_failure_uses_domain_truth_without_retry,REGISTER_LIFECYCLE_ACTIVITIES,integration_prepare,test/test_web_temporal_integration.py::integration_prepare,lifecycle_activities,test/test_web_temporal_integration.py:236,
test/test_web_temporal_integration.py::test_td_006_td_019_real_temporal_failure_uses_domain_truth_without_retry,REGISTER_LIFECYCLE_ACTIVITIES,integration_finalize_failed,test/test_web_temporal_integration.py::integration_finalize_failed,lifecycle_activities,test/test_web_temporal_integration.py:237,
test/test_web_temporal_integration.py::test_td_006_td_019_real_temporal_failure_uses_domain_truth_without_retry,REGISTER_LIFECYCLE_ACTIVITIES,integration_finalize_cancelled,test/test_web_temporal_integration.py::integration_finalize_cancelled,lifecycle_activities,test/test_web_temporal_integration.py:238,
test/test_web_temporal_integration.py::test_td_006_td_019_real_temporal_failure_uses_domain_truth_without_retry,REGISTER_AGENT_ACTIVITIES,integration_execute,test/test_web_temporal_integration.py::integration_execute,agent_activities,test/test_web_temporal_integration.py:240,
test/test_web_temporal_integration.py::test_td_020_td_021_real_temporal_cancel_uses_domain_authority,REGISTER_LIFECYCLE_ACTIVITIES,integration_prepare,test/test_web_temporal_integration.py::integration_prepare,lifecycle_activities,test/test_web_temporal_integration.py:295,
test/test_web_temporal_integration.py::test_td_020_td_021_real_temporal_cancel_uses_domain_authority,REGISTER_LIFECYCLE_ACTIVITIES,integration_finalize_failed,test/test_web_temporal_integration.py::integration_finalize_failed,lifecycle_activities,test/test_web_temporal_integration.py:296,
test/test_web_temporal_integration.py::test_td_020_td_021_real_temporal_cancel_uses_domain_authority,REGISTER_LIFECYCLE_ACTIVITIES,integration_finalize_cancelled,test/test_web_temporal_integration.py::integration_finalize_cancelled,lifecycle_activities,test/test_web_temporal_integration.py:297,
test/test_web_temporal_integration.py::test_td_020_td_021_real_temporal_cancel_uses_domain_authority,REGISTER_AGENT_ACTIVITIES,integration_execute,test/test_web_temporal_integration.py::integration_execute,agent_activities,test/test_web_temporal_integration.py:299,
test/test_web_temporal_integration.py::_run_crash_agent_worker.run,REGISTER_ACTIVITIES,crash_execute,test/test_web_temporal_integration.py::_run_crash_agent_worker.run.crash_execute,WEB_AGENT_TASK_QUEUE,test/test_web_temporal_integration.py:99,
test/test_web_temporal_integration.py::test_td_001_real_temporal_duplicate_start_executes_agent_once,REGISTER_WORKFLOWS,WebRunWorkflow,src/orchestration/web_workflow.py::WebRunWorkflow,workflows,test/test_web_temporal_integration.py:138,
test/test_web_temporal_replay.py::test_web_run_workflow_replays_frozen_v1_completed_history,REGISTER_WORKFLOWS,WebRunWorkflow,src/orchestration/web_workflow.py::WebRunWorkflow,workflows,test/test_web_temporal_replay.py:112,
test/web_persistence/test_durable_agent_activity_worker_kill.py::test_activity_worker_sigkill_redelivers_intent_without_repeating_side_effect,TEMPORAL_INVOKE,'activity-crash-tool-workflow',test/support/durable_worker_process.py::ActivityCrashToolWorkflow,AGENT_TASK_QUEUE,test/web_persistence/test_durable_agent_activity_worker_kill.py:154,
test/web_persistence/test_f4_2_approval_temporal.py::pending_tool,DEFINITION_ACTIVITY,tool_execution_activity,test/web_persistence/test_f4_2_approval_temporal.py::pending_tool,,test/web_persistence/test_f4_2_approval_temporal.py:42,
test/web_persistence/test_f4_2_approval_temporal.py::postgres_approval_status,DEFINITION_ACTIVITY,file_action_approval_status_activity,test/web_persistence/test_f4_2_approval_temporal.py::postgres_approval_status,,test/web_persistence/test_f4_2_approval_temporal.py:50,
test/web_persistence/test_f4_2_approval_temporal.py::approved_execution,DEFINITION_ACTIVITY,approved_file_action_execution_activity,test/web_persistence/test_f4_2_approval_temporal.py::approved_execution,,test/web_persistence/test_f4_2_approval_temporal.py:63,
test/web_persistence/test_f4_2_approval_temporal.py::test_api_outbox_signal_resumes_with_postgres_authority,REGISTER_WORKFLOWS,ToolExecutionWorkflow,src/agent_workflows/tool_execution.py::ToolExecutionWorkflow,AGENT_TASK_QUEUE,test/web_persistence/test_f4_2_approval_temporal.py:102,
test/web_persistence/test_f4_2_approval_temporal.py::test_api_outbox_signal_resumes_with_postgres_authority,REGISTER_ACTIVITIES,pending_tool,test/web_persistence/test_f4_2_approval_temporal.py::pending_tool,AGENT_TASK_QUEUE,test/web_persistence/test_f4_2_approval_temporal.py:103,
test/web_persistence/test_f4_2_approval_temporal.py::test_api_outbox_signal_resumes_with_postgres_authority,REGISTER_ACTIVITIES,postgres_approval_status,test/web_persistence/test_f4_2_approval_temporal.py::postgres_approval_status,AGENT_TASK_QUEUE,test/web_persistence/test_f4_2_approval_temporal.py:103,
test/web_persistence/test_f4_2_approval_temporal.py::test_api_outbox_signal_resumes_with_postgres_authority,REGISTER_ACTIVITIES,approved_execution,test/web_persistence/test_f4_2_approval_temporal.py::approved_execution,AGENT_TASK_QUEUE,test/web_persistence/test_f4_2_approval_temporal.py:103,
test/web_persistence/test_f4_2_approval_temporal.py::test_api_outbox_signal_resumes_with_postgres_authority,TEMPORAL_INVOKE,ToolExecutionWorkflow.run,src/agent_workflows/tool_execution.py::ToolExecutionWorkflow.run,AGENT_TASK_QUEUE,test/web_persistence/test_f4_2_approval_temporal.py:106,
test/web_persistence/test_identity_self_service.py::test_registration_and_postgres_login_are_atomic_and_normalized,DI_REGISTRY,"registration.register(' Alice ', 'correct-password')",src/account/registration_service.py::RegistrationService.register,,test/web_persistence/test_identity_self_service.py:44,
test/web_persistence/test_identity_self_service.py::test_database_credential_is_authoritative_over_legacy_fallback,DI_REGISTRY,"registration.register('alice', 'database-password')",src/account/registration_service.py::RegistrationService.register,,test/web_persistence/test_identity_self_service.py:70,
test/web_persistence/test_identity_self_service.py::test_binding_unbound_qq_and_single_use,DI_REGISTRY,"RegistrationService(database_url).register('alice', 'correct-password')",,,test/web_persistence/test_identity_self_service.py:96,
test/web_persistence/test_identity_self_service.py::test_concurrent_challenge_consume_is_idempotent,DI_REGISTRY,"RegistrationService(database_url).register('alice', 'correct-password')",,,test/web_persistence/test_identity_self_service.py:114,
test/web_persistence/test_identity_self_service.py::test_challenge_rotation_expiry_and_invalid_code,DI_REGISTRY,"RegistrationService(database_url).register('alice', 'correct-password')",,,test/web_persistence/test_identity_self_service.py:137,
test/web_persistence/test_identity_self_service.py::test_empty_web_account_consolidates_into_existing_qq_account,DI_REGISTRY,"RegistrationService(database_url).register('alice', 'correct-password')",,,test/web_persistence/test_identity_self_service.py:170,
test/web_persistence/test_identity_self_service.py::test_web_account_with_business_data_is_not_auto_consolidated,DI_REGISTRY,"RegistrationService(database_url).register('alice', 'correct-password')",,,test/web_persistence/test_identity_self_service.py:192,
test/web_persistence/test_identity_self_service.py::test_registration_and_postgres_login_are_atomic_and_normalized,DI_REGISTRY,"registration.register('aLiCe', 'another-password')",src/account/registration_service.py::RegistrationService.register,,test/web_persistence/test_identity_self_service.py:52,
test/web_persistence/test_identity_self_service.py::test_registration_password_policy_leaves_no_partial_account,DI_REGISTRY,"RegistrationService(database_url).register('alice', 'short')",,,test/web_persistence/test_identity_self_service.py:64,
test/web_persistence/test_research_schedule_temporal_integration.py::test_real_schedule_fires_through_task_command_budget_and_outbox.trigger,DEFINITION_ACTIVITY,trigger_scheduled_research_activity,test/web_persistence/test_research_schedule_temporal_integration.py::test_real_schedule_fires_through_task_command_budget_and_outbox.trigger,,test/web_persistence/test_research_schedule_temporal_integration.py:43,
test/web_persistence/test_research_schedule_temporal_integration.py::test_real_schedule_fires_through_task_command_budget_and_outbox,REGISTER_WORKFLOWS,ResearchTaskScheduleWorkflow,src/orchestration/research_workflow.py::ResearchTaskScheduleWorkflow,WEB_LIFECYCLE_TASK_QUEUE,test/web_persistence/test_research_schedule_temporal_integration.py:59,
test/web_persistence/test_research_schedule_temporal_integration.py::test_real_schedule_fires_through_task_command_budget_and_outbox,REGISTER_ACTIVITIES,trigger,test/web_persistence/test_research_schedule_temporal_integration.py::test_real_schedule_fires_through_task_command_budget_and_outbox.trigger,WEB_LIFECYCLE_TASK_QUEUE,test/web_persistence/test_research_schedule_temporal_integration.py:59,
test/web_persistence/test_web_artifacts.py::test_real_temporal_artifact_outbox_to_persisted_html,DI_REGISTRY,"inject_artifact_build_service(ArtifactBuildService(worker_database_url, _Generator()))",src/orchestration/artifact_activities.py::inject_artifact_build_service,,test/web_persistence/test_web_artifacts.py:141,
test/web_persistence/test_web_artifacts.py::test_real_temporal_artifact_outbox_to_persisted_html,REGISTER_WORKFLOWS,ArtifactBuildWorkflow,src/orchestration/artifact_workflow.py::ArtifactBuildWorkflow,ARTIFACT_TASK_QUEUE,test/web_persistence/test_web_artifacts.py:148,
test/web_persistence/test_web_artifacts.py::test_real_temporal_artifact_outbox_to_persisted_html,REGISTER_ACTIVITIES,execute_artifact_build_activity,src/orchestration/artifact_activities.py::execute_artifact_build_activity,ARTIFACT_TASK_QUEUE,test/web_persistence/test_web_artifacts.py:149,
test/web_persistence/test_web_temporal_e2e.py::test_td_002_real_db_prepare_backfills_lost_start_ack,DI_REGISTRY,inject_web_lifecycle(lifecycle),src/orchestration/web_activities.py::inject_web_lifecycle,,test/web_persistence/test_web_temporal_e2e.py:101,
test/web_persistence/test_web_temporal_e2e.py::test_td_002_real_db_prepare_backfills_lost_start_ack,DI_REGISTRY,inject_web_execution_host(host),src/orchestration/web_activities.py::inject_web_execution_host,,test/web_persistence/test_web_temporal_e2e.py:102,
test/web_persistence/test_web_temporal_e2e.py::test_td_002_real_db_prepare_backfills_lost_start_ack,REGISTER_LIFECYCLE_ACTIVITIES,prepare_run_activity,src/orchestration/web_activities.py::prepare_run_activity,lifecycle_activities,test/web_persistence/test_web_temporal_e2e.py:107,
test/web_persistence/test_web_temporal_e2e.py::test_td_002_real_db_prepare_backfills_lost_start_ack,REGISTER_LIFECYCLE_ACTIVITIES,finalize_failed_activity,src/orchestration/web_activities.py::finalize_failed_activity,lifecycle_activities,test/web_persistence/test_web_temporal_e2e.py:108,
test/web_persistence/test_web_temporal_e2e.py::test_td_002_real_db_prepare_backfills_lost_start_ack,REGISTER_LIFECYCLE_ACTIVITIES,finalize_cancelled_activity,src/orchestration/web_activities.py::finalize_cancelled_activity,lifecycle_activities,test/web_persistence/test_web_temporal_e2e.py:109,
test/web_persistence/test_web_temporal_e2e.py::test_td_002_real_db_prepare_backfills_lost_start_ack,REGISTER_AGENT_ACTIVITIES,execute_agent_activity,src/orchestration/web_activities.py::execute_agent_activity,agent_activities,test/web_persistence/test_web_temporal_e2e.py:111,
