evidence_id,title,path,line,claim,kind,sha256,classification,revision
E01,双新启动路径与翻转后的重复启动恢复,src/orchestration/web_dispatcher.py,103,按 durable_agent_enabled 选 Workflow；AlreadyStarted 接受 legacy/durable 两种类型。,SOURCE_REVIEW,f1296567dba5ebf5e2ac4967208535b452512481ae88a6dae8a8b8ed0901a52a,CURRENT_FACT,2.2-r2.1
E02,双 Workflow 注册及 Document queue 边界,src/orchestration/web_workers.py,152,lifecycle 和 agent 两组定义始终列入注册；NormalizeDocumentWorkflow 在 lifecycle。,SOURCE_REVIEW,c2e5da774e2a06fc97e8ff331384ff4bc071ac2efa7ca1e6f679746295d0eab6,CURRENT_FACT,2.2-r2.1
E03,组合入口职责集中,src/orchestration/worker.py,103,Web Host、durable Activities、Research、Artifact 与消费者由同一组合函数装配。,SOURCE_REVIEW,43393150b0b256d64ce17268250b6dd9f5fd64729cab192624c9a4983e0aa4aa,CURRENT_FACT,2.2-r2.1
E04,后台任务与资源关闭,src/orchestration/worker.py,1103,关闭渠道、各后台任务及依赖资源；抽取需保留生命周期和共享实例。,SOURCE_REVIEW,43393150b0b256d64ce17268250b6dd9f5fd64729cab192624c9a4983e0aa4aa,CURRENT_FACT,2.2-r2.1
E05,生产协议与实验模块共包,src/agent/protocol.py,10,Brain/Action DTO 为生产依赖；agent/__init__.py 顶层加载实验类。,SOURCE_REVIEW,4588023e72c4b3f4fd3ff5e23c0a7ddffba37a04235ff8ee9f0094210dea80ea,CURRENT_FACT,2.2-r2.1
E06,QQ 身份与短期状态组合,src/bootstrap/qq.py,44,构造 PostgresAccountService、SessionStore、Brain/Action、Facade。,SOURCE_REVIEW,a8be8a501f33a26727421b6fa839ec57ac2aeef29244ed805741b63d4051f866,CURRENT_FACT,2.2-r2.1
E07,持久文件混合职责,src/file_domain/persistent.py,50,同文件含 SQL Repository 与依赖 OutputPublisher 的 PersistentWebFileService。,SOURCE_REVIEW,4feaeaa9855679f5490948d8b3d52bbfe83668c27f8645e069f5673efe5ef357,CURRENT_FACT,2.2-r2.1
E08,审批事务及信号寻址,src/file_domain/approvals.py,61,审批服务写 Outbox 并使用 ToolExecutionWorkflow ID 算法，非纯值对象层。,SOURCE_REVIEW,cad1d01bf525f95fbf44d36037c3b0b1717b96d2095b378cb1a7217b1e34e305,CURRENT_FACT,2.2-r2.1
E09,固定 Research 控制流,src/orchestration/research_workflow.py,106,固定阶段表，gap 驱动提前结束，迭代至多三轮。,SOURCE_REVIEW,cd0c4a9bd3213662de497c5ab9d4cd992a7499104c33c1d70b84b1aa7a8edb04,CURRENT_FACT,2.2-r2.1
E10,Research 发布桥接,src/research_domain/persistence.py,526,确定性 UUID，通过 SQL function 发布；ResearchMarkdownPublisher 另输出附件。,SOURCE_REVIEW,09c210bd1c9f1f10a306d891c268074d94724ccd7102931f3f9bb6c44ef8c52d,CURRENT_FACT,2.2-r2.1
E11,Research 发布原子操作,persistence/migrations/022_research_r3_r4.sql,112,函数同时写 artifacts、artifact_versions、research_reports；授权 hpagent_worker。,SOURCE_REVIEW,55947a98d39f4c93695601c3f7ad6a62e0f9b400ad93fa279f7353c7848bb297,CURRENT_FACT,2.2-r2.1
E12,聊天 Artifact Outbox,src/web_artifacts/services.py,207,聊天 Artifact 写 start_artifact_build 事件后由专属构建链处理。,SOURCE_REVIEW,fbe70ecdba6fda6c888f1600bc5b6ca91ff09a0190975b17d0d0800b94e75f8c,CURRENT_FACT,2.2-r2.1
E13,渠道配置缺省,src/orchestration/config.py,79,缺省 console；worker 的工厂仅 NapCat/OfficialQQ，仓库 YAML 指定 napcat。,SOURCE_REVIEW,28f406e597307bdd46a5e2bf33b38128b9425110187ec32111c58ff3a5b8f3ce,CURRENT_FACT,2.2-r2.1
E14,实验配置仍会加载,src/orchestration/config.py,668,agents.yaml 存在就解析；worker init_dependencies 仍拒绝非 single。,SOURCE_REVIEW,28f406e597307bdd46a5e2bf33b38128b9425110187ec32111c58ff3a5b8f3ce,CURRENT_FACT,2.2-r2.1
E15,当前 workspace 隔离能力,src/workspace/isolation.py,129,single_process_account_lock 有进程/共享账户锁约束；session_worktree 仅枚举通过不证明完整实现。,SOURCE_REVIEW,58c67cf868cb20554f86aec13dd0999340e4c843a62a35e638bd3ce4bcda941b,CURRENT_FACT,2.2-r2.1
E16,独立 Document Activity,src/orchestration/document_worker.py,20,只注册 normalize_document Activity，并发 1；独立 tenant reader 与 document scratch。,SOURCE_REVIEW,260403abb29d396d8276a5817aae404958385344b9ef318fbc92bd8b2994667c,CURRENT_FACT,2.2-r2.1
E17,MCP 多种传输,src/sandbox/tools/adapters/mcp.py,69,HTTP、SSE、stdio 三类 session，工具投影与 manager 共处一文件。,SOURCE_REVIEW,dacbc41c822b882e2d7d2ec2787540b273e9e95b299636d7df521882c703ce76,CURRENT_FACT,2.2-r2.1
E18,API 组合与路由热点,src/web_api/app.py,252,lifespan 连接/服务构造与 HTTP handler 在一个 create_app 内。,SOURCE_REVIEW,781eb66bb0c6ae4f780a353a76563e8035e3d0c7032135bd917706366152a9c4,CURRENT_FACT,2.2-r2.1
E19,Durable Activity 职责,src/agent_activities/runtime.py,64,注入 store/brain/actions/lifecycle/budget/approval/persistent；持有多个 Activity 实现。,SOURCE_REVIEW,cacaf252b645f8f320c913600c2cd99a608b38f63a0e1f800c5ccaae2ab320d4,CURRENT_FACT,2.2-r2.1
E20,SSE 权威快照,src/web_api/sse.py,60,从已提交 PostgreSQL Run/Message 查询快照；Redis 承担在线事件传输。,SOURCE_REVIEW,32c7842752629c7ada9c4cf0723700838ade477532009ff4aad5f1f8982db0d4,CURRENT_FACT,2.2-r2.1
E21,旧 JSON 运维工具,scripts/merge-account.py,48,脚本直接操作 JSON 资产；不能作为旧 AccountService 类的生产调用证明。,SOURCE_REVIEW,4f2a07e16b3f0f77cd1d9a30e0c43002ab4d6939433012bac79a616e899f7aa0,CURRENT_FACT,2.2-r2.1
E22,冻结 legacy History 的范围,test/test_web_temporal_replay.py,66,测试只 replay 已冻结 completed happy path；不是全量线上历史或 durable 兼容证明。,TEST_SOURCE_READ_NOT_EXECUTED,d230619d87551108753779cdb4625bb3a7ceb16f56ab248dd3be9e526be20b70,CURRENT_FACT,2.2-r2.1
E23,注册合同断言,test/test_durable_agent_contract.py,77,断言 lifecycle/agent 注册定义列表；本次只读未执行。,TEST_SOURCE_READ_NOT_EXECUTED,eeadbc1e8ab9526f524a3095e77aa0c5925a2c6485f715ccc2140b996c9b04c8,CURRENT_FACT,2.2-r2.1
E24,依赖文件的不同 build context,src/Dockerfile,35,main context=src；API/migrate context=根目录；两份 requirements 当前相同。,SOURCE_REVIEW,cc469e110ea072c2678878c63a7f8507a1c6dc3e2292621e2b66fde88eab6dda,CURRENT_FACT,2.2-r2.1
E25,前端当前能力范围,web/src/App.tsx,1,结合 web/src 全量搜索与 2.1 frontend_symbols，未见任务管理路由/API；仅测试附件名出现 research。,SOURCE_REVIEW,4c5354817ef92e37825ebf6206e26365541815a53483f3e1804b653bc436aff2,CURRENT_FACT,2.2-r2.1
E26,QQ account 级会话入口,src/application/conversation.py,71,当前按 account start/signal OrchestrationWorkflow，生成字符串 session_id，并准备本地资源。,SOURCE_REVIEW,abb2bc881a61e8f91eab9a43c2e0c2fb0ecc952e555c1d0a60d2ab863c71a557,CURRENT_FACT,2.2-r2.1
E27,PG 交互实体与单活跃约束,persistence/migrations/001_phase_a_schema.sql,51,Conversation/Message/Session/Run 及 queued/running/cancelling 单活跃索引已存在，未含目标 QQ 适配。,SOURCE_REVIEW,2fdb4ce211d5d13b1bb26d78d33bde261a25cefb5d3c9ecb0ecddc587f913e38,CURRENT_FACT,2.2-r2.1
E28,Web 交互事务与 busy,src/web_domain/services.py,130,先锁 Conversation、查幂等/busy，再建 Session/Message/Run/budget/Outbox；不是已实现中立 QQ 命令。,SOURCE_REVIEW,641b9725fba87535e9e87ffbc658a7a8a3edd56632cdf130656694816470988b,CURRENT_FACT,2.2-r2.1
E29,准备与模型调用耦合,src/agent_activities/runtime.py,413,同 Activity 读 transcript、加 objective、选工具并调模型；没有预调用审阅。,SOURCE_REVIEW,cacaf252b645f8f320c913600c2cd99a608b38f63a0e1f800c5ccaae2ab320d4,CURRENT_FACT,2.2-r2.1
E30,调用后输入投影,src/brain/engine.py,170,generate_chat_decision 在模型返回后生成 input_context；不是完整 provider 请求快照。,SOURCE_REVIEW,08de98080de8716a044b30e475237376664601a8bb76197e3427506dea4c64ff,CURRENT_FACT,2.2-r2.1
E31,真正 provider payload 转换,src/resources/model_client.py,191,选择实际 model，转换 messages/tools、填有效 max_tokens/stream 并合并 extra_body。,SOURCE_REVIEW,65116797317165e1f5f9d3e5dbdc9a9101bbde0dbdd82c07270c89941c7ed793,CURRENT_FACT,2.2-r2.1
E32,模型回退发生于运行时,src/resources/resource_pool.py,108,selector 解析候选 endpoint，按 attempt 调 client 并做预算 reserve/settle，可能 fallback。,SOURCE_REVIEW,8d3293d17aa50ed973cfe773ddf7cd6169d37d3102cfae798a4f50216517bf0f,CURRENT_FACT,2.2-r2.1
E33,文件审批的 durable wait,src/agent_workflows/tool_execution.py,33,signal 唤醒后查询权威审批状态，wait_condition 等待；当前是工具/文件审批而非 Model Review。,SOURCE_REVIEW,84d5b3c8a8058dd1cfe823cc84a4336d3d8895efe4d48cf72c21946d44858b7d,CURRENT_FACT,2.2-r2.1
E34,执行 lease 过期与 fencing,src/agent_activities/store.py,81,只有 owner/token/未过期符合条件才续租，不能把长时间审阅后的旧 token 当作自动有效。,SOURCE_REVIEW,0a340aa1a2ff2f250e3970a999a18219fbe10b4478cc448a08b795d187e18c34,CURRENT_FACT,2.2-r2.1
E35,Research Run 非聊天 shape,persistence/migrations/021_research_r0_r2.sql,31,Research Run 绑定 Task，conversation/session/trigger/context_seq 为空；同表共享 Run 不等于共享聊天实体。,SOURCE_REVIEW,8db62c43245a02ba76e3e28cd81ff0bb13d6689d439f0664f267e2c4ca7e6f7d,CURRENT_FACT,2.2-r2.1
E36,当前 checkout 不是任意会话快照,src/workspace/isolation.py,251,加载 account_repo/session 后锁账户、准备并切分支，还写 Web session_context；执行准备不能用作只读查询。,SOURCE_REVIEW,58c67cf868cb20554f86aec13dd0999340e4c843a62a35e638bd3ce4bcda941b,CURRENT_FACT,2.2-r2.1
E37,上下文准备已有辅助模型调用,src/agent_activities/runtime.py,242,loader/记忆组装写 transcript；可先调用 fast 模型改写 recall query；trace surface 当前写 web。,SOURCE_REVIEW,cacaf252b645f8f320c913600c2cd99a608b38f63a0e1f800c5ccaae2ab320d4,CURRENT_FACT,2.2-r2.1
E38,QQ SessionStore 仍实际存在,src/session/store.py,46,QQ Redis/WAL/checkpoint 现状；目标统一 PG 需要迁移正式消费者，不能以改文档声称已删除。,SOURCE_REVIEW,e98c9ffd8be582d42ffb2d44ef47aac4292d023b0a906e18f92f0ead9719a058,CURRENT_FACT,2.2-r2.1
E39,Run Files 独立范围,src/workspace/file_scope.py,55,Run 文件输入/临时/输出范围，区别于 Git account/session workspace。,SOURCE_REVIEW,0047c87ba55835986d61af635cbefac17d789f2b12a5c958f8dbe6bd137d2141,CURRENT_FACT,2.2-r2.1
E40,harness 含混合必要能力,src/harness/activities.py,41,QQ turn 调旧 Host；同文件还有 archive/reflection/metrics，不能按目录整体判可删。,SOURCE_REVIEW,152ca9a75d7f60e2706f86bbd3677eec6a000d77305c4db23ea0e31d9c5f0bc5,CURRENT_FACT,2.2-r2.1
E41,规划与评估另有模型调用,src/agent_activities/runtime.py,1102,planning/evaluate_plan 构建专门 instructions 后直接调用 Brain；只拆 model_decision 无法覆盖全部主模型阶段。,SOURCE_REVIEW,cacaf252b645f8f320c913600c2cd99a608b38f63a0e1f800c5ccaae2ab320d4,CURRENT_FACT,2.2-r2.1
E42,当前文档维护约束,docs/architecture/README.md,5,要求实现事实优先、显式 drift 与 Excalidraw 人工维护；目标 ADR/当前文档分工是本次建议。,SOURCE_REVIEW,0da6d1db77e52d3673906d4d269beb96d057758d28a134ba78a7f4bea83a4e5b,CURRENT_FACT,2.2-r2.1
E43,当前审批 UI 范围,web/src/components/ApprovalCard.tsx,18,调用 listFileApprovals/decideFileApproval 并展示文件目的地；不是模型输入权限投影。,SOURCE_REVIEW,1fd86c0c6c0f8b46c61fe47b12d11c5b45db3b820a7d66c169e66c5a82c7d1e1,CURRENT_FACT,2.2-r2.1
E44,当前一次性执行 lease,src/orchestration/durable_web_workflow.py,86,启动 AgentRunWorkflow 前 acquire，固定 token 传入子 Workflow，finally 用同 token release；suspend-safe 分段 lease 是 W1 目标，未实现。,SOURCE_REVIEW,4e8090c54e064006f09bdf167578b111f9708db7e8494c6f391cc5e95e85300f,CURRENT_FACT,2.2-r2.1
E45,当前 Agent 输入硬绑定,src/agent_workflows/contracts.py,17,必填 conversation_id/session_id 与固定 lease_token；source-neutral 输入及可更新执行 token 是目标，未实现。,SOURCE_REVIEW,ed4f0bd15ab7f4e8e02c8f9560094461965e74d20f20914fac3094320cc4d4de,CURRENT_FACT,2.2-r2.1
