module,path,baseline_status,status,new_owner,baseline_import_chain,current_import_chain,current_source_callers,current_test_script_callers,reason
account.account_service,src/account/account_service.py,SAFE_TO_DELETE_AFTER_W3_A,SAFE_TO_DELETE_AFTER_W3_A,,,,,,No canonical import path found. Retained legacy/test callers must be handled together in W3-B.
account.models,src/account/models.py,STILL_REACHABLE,STILL_REACHABLE,,web_api.app -> account -> account.models,web_api.app -> account -> account.models,src/account/__init__.py:3; src/account/account_service.py:16,,Canonical import path remains; retain/review actual symbol ownership.
agent,src/agent/__init__.py,STILL_REACHABLE,SAFE_TO_DELETE_AFTER_W3_A,,main -> orchestration.worker -> agent_activities.runtime -> agent,,src/agent/adapters.py:1; src/agent/adapters.py:12; src/agent/adapters.py:13; src/agent/adapters.py:14; src/agent/bus.py:1; src/agent/bus.py:11; src/agent/compensation.py:1; src/agent/compensation.py:12; src/agent/compensation.py:13; src/agent/composite.py:1; src/agent/composite.py:15; src/agent/composite.py:16; src/agent/composite.py:17; src/agent/composite.py:18; src/agent/composite.py:19; src/agent/context.py:1; src/agent/factory.py:1; src/agent/factory.py:17; src/agent/factory.py:18; src/agent/factory.py:19; src/agent/factory.py:20; src/agent/factory.py:21; src/agent/factory.py:32; src/agent/interfaces.py:1; src/agent/interfaces.py:18; src/agent/llm_agent.py:1; src/agent/llm_agent.py:13; src/agent/llm_agent.py:14; src/agent/llm_agent.py:15; src/agent/orchestrator.py:1; src/agent/orchestrator.py:25; src/agent/orchestrator.py:26; src/agent/orchestrator.py:27; src/agent/protocol.py:1; src/agent/registry.py:1; src/agent/registry.py:10; src/agent/registry.py:9; src/agent/runner.py:1; src/agent/runner.py:13; src/agent/runner.py:14; src/agent/runner.py:20; src/agent/runner.py:21; src/agent/runner.py:22; src/agent/strategies.py:1; src/agent/strategies.py:22; src/agent/strategies.py:23; src/agent/strategies.py:24; src/agent/types.py:1,,No canonical import path found. Retained legacy/test callers must be handled together in W3-B.
agent.adapters,src/agent/adapters.py,STILL_REACHABLE,SAFE_TO_DELETE_AFTER_W3_A,,main -> orchestration.worker -> agent_activities.runtime -> agent -> agent.adapters,,src/agent/__init__.py:17,,No canonical import path found. Retained legacy/test callers must be handled together in W3-B.
agent.bus,src/agent/bus.py,STILL_REACHABLE,SAFE_TO_DELETE_AFTER_W3_A,,main -> orchestration.worker -> agent_activities.runtime -> agent -> agent.bus,,src/agent/__init__.py:18; src/agent/factory.py:17,,No canonical import path found. Retained legacy/test callers must be handled together in W3-B.
agent.compensation,src/agent/compensation.py,STILL_REACHABLE,SAFE_TO_DELETE_AFTER_W3_A,,main -> orchestration.worker -> agent_activities.runtime -> agent -> agent.compensation,,src/agent/__init__.py:19,,No canonical import path found. Retained legacy/test callers must be handled together in W3-B.
agent.composite,src/agent/composite.py,STILL_REACHABLE,SAFE_TO_DELETE_AFTER_W3_A,,main -> orchestration.worker -> agent_activities.runtime -> agent -> agent.composite,,src/agent/__init__.py:20,,No canonical import path found. Retained legacy/test callers must be handled together in W3-B.
agent.context,src/agent/context.py,STILL_REACHABLE,SAFE_TO_DELETE_AFTER_W3_A,,main -> orchestration.worker -> agent_activities.runtime -> agent -> agent.context,,src/agent/__init__.py:21; src/agent/adapters.py:12; src/agent/compensation.py:12; src/agent/composite.py:15; src/agent/llm_agent.py:13; src/agent/orchestrator.py:25; src/agent/runner.py:13; src/agent/strategies.py:22,,No canonical import path found. Retained legacy/test callers must be handled together in W3-B.
agent.factory,src/agent/factory.py,STILL_REACHABLE,SAFE_TO_DELETE_AFTER_W3_A,,main -> orchestration.worker -> agent_activities.runtime -> agent -> agent.factory,,src/agent/__init__.py:22; src/agent/runner.py:14,,No canonical import path found. Retained legacy/test callers must be handled together in W3-B.
agent.interfaces,src/agent/interfaces.py,STILL_REACHABLE,SAFE_TO_DELETE_AFTER_W3_A,,main -> orchestration.worker -> agent_activities.runtime -> agent -> agent.interfaces,,src/agent/__init__.py:28; src/agent/adapters.py:13; src/agent/bus.py:11; src/agent/composite.py:16; src/agent/factory.py:18; src/agent/llm_agent.py:14; src/agent/orchestrator.py:26; src/agent/registry.py:9; src/agent/strategies.py:23,,No canonical import path found. Retained legacy/test callers must be handled together in W3-B.
agent.llm_agent,src/agent/llm_agent.py,STILL_REACHABLE,SAFE_TO_DELETE_AFTER_W3_A,,main -> orchestration.worker -> agent_activities.runtime -> agent -> agent.llm_agent,,src/agent/__init__.py:34; src/agent/runner.py:20,,No canonical import path found. Retained legacy/test callers must be handled together in W3-B.
agent.orchestrator,src/agent/orchestrator.py,STILL_REACHABLE,SAFE_TO_DELETE_AFTER_W3_A,,main -> orchestration.worker -> agent_activities.runtime -> agent -> agent.orchestrator,,src/agent/__init__.py:35; src/agent/composite.py:17; src/agent/factory.py:19; src/agent/runner.py:21,,No canonical import path found. Retained legacy/test callers must be handled together in W3-B.
agent.protocol,src/agent/protocol.py,SURVIVOR_EXTRACT_REQUIRED,SAFE_TO_DELETE_AFTER_W3_A,actions.contracts; brain.contracts,main -> orchestration.worker -> agent_activities.runtime -> agent.protocol,,,,Implementation extracted; old surface retained for W3-B.
agent.registry,src/agent/registry.py,STILL_REACHABLE,SAFE_TO_DELETE_AFTER_W3_A,,main -> orchestration.worker -> agent_activities.runtime -> agent -> agent.registry,,src/agent/__init__.py:36; src/agent/factory.py:20,,No canonical import path found. Retained legacy/test callers must be handled together in W3-B.
agent.runner,src/agent/runner.py,STILL_REACHABLE,SAFE_TO_DELETE_AFTER_W3_A,,main -> orchestration.worker -> agent_activities.runtime -> agent -> agent.runner,,src/agent/__init__.py:37,,No canonical import path found. Retained legacy/test callers must be handled together in W3-B.
agent.strategies,src/agent/strategies.py,STILL_REACHABLE,SAFE_TO_DELETE_AFTER_W3_A,,main -> orchestration.worker -> agent_activities.runtime -> agent -> agent.strategies,,src/agent/__init__.py:38; src/agent/composite.py:18; src/agent/factory.py:21,,No canonical import path found. Retained legacy/test callers must be handled together in W3-B.
agent.types,src/agent/types.py,STILL_REACHABLE,SAFE_TO_DELETE_AFTER_W3_A,,main -> orchestration.worker -> agent_activities.runtime -> agent -> agent.types,,src/agent/__init__.py:55; src/agent/adapters.py:14; src/agent/compensation.py:13; src/agent/composite.py:19; src/agent/factory.py:32; src/agent/interfaces.py:18; src/agent/llm_agent.py:15; src/agent/orchestrator.py:27; src/agent/registry.py:10; src/agent/runner.py:22; src/agent/strategies.py:24,,No canonical import path found. Retained legacy/test callers must be handled together in W3-B.
agent_execution,src/agent_execution/__init__.py,STILL_REACHABLE,SAFE_TO_DELETE_AFTER_W3_A,,web_api.app -> agent_execution,,src/agent_execution/activity_control.py:1; src/agent_execution/audit.py:1; src/agent_execution/audit.py:9; src/agent_execution/brain_action_loop.py:1; src/agent_execution/brain_action_loop.py:12; src/agent_execution/brain_action_loop.py:23; src/agent_execution/chat_bindings.py:1; src/agent_execution/chat_run_input.py:1; src/agent_execution/facade.py:1; src/agent_execution/model_budget_context.py:1; src/agent_execution/qq_host.py:1; src/agent_execution/qq_host.py:12; src/agent_execution/qq_host.py:16; src/agent_execution/run_budget.py:1; src/agent_execution/tracing/__init__.py:1; src/agent_execution/tracing/context.py:1; src/agent_execution/tracing/instrumentation.py:1; src/agent_execution/tracing/lifecycle.py:1; src/agent_execution/tracing/metadata.py:1; src/agent_execution/tracing/models.py:1; src/agent_execution/tracing/repository.py:1; src/agent_execution/tracing/sink.py:1; src/agent_execution/web_adapters.py:1; src/agent_execution/web_adapters.py:6; src/agent_execution/web_events.py:1; src/agent_execution/web_host.py:1; src/agent_execution/web_host.py:10; src/agent_execution/web_host.py:16; src/orchestration/web_activities.py:10,test/test_application_services.py:5; test/test_observability_preflight.py:11; test/test_observability_preflight.py:12; test/test_observability_preflight.py:13; test/test_observability_preflight.py:19; test/test_qq_execution_compat.py:5; test/test_qq_execution_compat.py:6; test/test_qq_retention_document.py:15; test/test_qq_retention_document.py:16; test/test_trace_events.py:12; test/test_web_temporal_contract.py:17; test/test_web_temporal_contract.py:18; test/test_web_temporal_contract.py:19; test/test_web_temporal_contract.py:20,No canonical import path found. Retained legacy/test callers must be handled together in W3-B.
agent_execution.activity_control,src/agent_execution/activity_control.py,SURVIVOR_EXTRACT_REQUIRED,SAFE_TO_DELETE_AFTER_W3_A,agent_activities.control,main -> orchestration.worker -> agent_activities.runtime -> agent_execution.activity_control,,,,Implementation extracted; old surface retained for W3-B.
agent_execution.audit,src/agent_execution/audit.py,SAFE_TO_DELETE_AFTER_W3_A,SAFE_TO_DELETE_AFTER_W3_A,,,,,,No canonical import path found. Retained legacy/test callers must be handled together in W3-B.
agent_execution.brain_action_loop,src/agent_execution/brain_action_loop.py,SAFE_TO_DELETE_AFTER_W3_A,SAFE_TO_DELETE_AFTER_W3_A,,,,,test/test_application_services.py:5; test/test_observability_preflight.py:11; test/test_web_temporal_contract.py:17,No canonical import path found. Retained legacy/test callers must be handled together in W3-B.
agent_execution.chat_bindings,src/agent_execution/chat_bindings.py,SURVIVOR_EXTRACT_REQUIRED,SAFE_TO_DELETE_AFTER_W3_A,conversation_domain.execution_bindings,main -> orchestration.worker -> agent_execution.chat_bindings,,,,Implementation extracted; old surface retained for W3-B.
agent_execution.chat_run_input,src/agent_execution/chat_run_input.py,SURVIVOR_EXTRACT_REQUIRED,SAFE_TO_DELETE_AFTER_W3_A,conversation_domain.run_input,main -> orchestration.worker -> agent_execution.chat_run_input,,,,Implementation extracted; old surface retained for W3-B.
agent_execution.facade,src/agent_execution/facade.py,SURVIVOR_EXTRACT_REQUIRED,SAFE_TO_DELETE_AFTER_W3_A,application.execution_contracts,main -> orchestration.worker -> agent_activities.runtime -> agent_execution.facade,,src/agent_execution/audit.py:9; src/agent_execution/brain_action_loop.py:12; src/agent_execution/brain_action_loop.py:23; src/agent_execution/qq_host.py:12; src/agent_execution/qq_host.py:16; src/agent_execution/web_adapters.py:6; src/agent_execution/web_host.py:10; src/agent_execution/web_host.py:16,test/test_observability_preflight.py:12; test/test_qq_execution_compat.py:5; test/test_qq_retention_document.py:15; test/test_web_temporal_contract.py:18,Implementation extracted; old surface retained for W3-B.
agent_execution.model_budget_context,src/agent_execution/model_budget_context.py,SURVIVOR_EXTRACT_REQUIRED,SAFE_TO_DELETE_AFTER_W3_A,resources.model_budget_context,main -> orchestration.worker -> agent_activities.runtime -> agent_execution.model_budget_context,,,,Implementation extracted; old surface retained for W3-B.
agent_execution.qq_host,src/agent_execution/qq_host.py,SAFE_TO_DELETE_AFTER_W3_A,SAFE_TO_DELETE_AFTER_W3_A,,,,,test/test_observability_preflight.py:13; test/test_qq_execution_compat.py:6; test/test_qq_retention_document.py:16; test/test_web_temporal_contract.py:19,No canonical import path found. Retained legacy/test callers must be handled together in W3-B.
agent_execution.run_budget,src/agent_execution/run_budget.py,SURVIVOR_EXTRACT_REQUIRED,SAFE_TO_DELETE_AFTER_W3_A,resources.run_budget,main -> orchestration.worker -> agent_execution.run_budget,,,,Implementation extracted; old surface retained for W3-B.
agent_execution.tracing,src/agent_execution/tracing/__init__.py,SURVIVOR_EXTRACT_REQUIRED,SAFE_TO_DELETE_AFTER_W3_A,tracing,web_api.app -> agent_execution.tracing,,src/agent_execution/tracing/context.py:1; src/agent_execution/tracing/instrumentation.py:1; src/agent_execution/tracing/lifecycle.py:1; src/agent_execution/tracing/metadata.py:1; src/agent_execution/tracing/models.py:1; src/agent_execution/tracing/repository.py:1; src/agent_execution/tracing/sink.py:1,,Implementation extracted; old surface retained for W3-B.
agent_execution.tracing.context,src/agent_execution/tracing/context.py,SURVIVOR_EXTRACT_REQUIRED,SAFE_TO_DELETE_AFTER_W3_A,tracing.context,web_api.app -> agent_execution.tracing -> agent_execution.tracing.context,,,,Implementation extracted; old surface retained for W3-B.
agent_execution.tracing.instrumentation,src/agent_execution/tracing/instrumentation.py,SURVIVOR_EXTRACT_REQUIRED,SAFE_TO_DELETE_AFTER_W3_A,tracing.instrumentation,web_api.app -> agent_execution.tracing -> agent_execution.tracing.instrumentation,,,,Implementation extracted; old surface retained for W3-B.
agent_execution.tracing.lifecycle,src/agent_execution/tracing/lifecycle.py,SURVIVOR_EXTRACT_REQUIRED,SAFE_TO_DELETE_AFTER_W3_A,tracing.lifecycle,web_api.app -> agent_execution.tracing -> agent_execution.tracing.lifecycle,,,,Implementation extracted; old surface retained for W3-B.
agent_execution.tracing.metadata,src/agent_execution/tracing/metadata.py,SURVIVOR_EXTRACT_REQUIRED,SAFE_TO_DELETE_AFTER_W3_A,tracing.metadata,web_api.app -> agent_execution.tracing -> agent_execution.tracing.metadata,,,,Implementation extracted; old surface retained for W3-B.
agent_execution.tracing.models,src/agent_execution/tracing/models.py,SURVIVOR_EXTRACT_REQUIRED,SAFE_TO_DELETE_AFTER_W3_A,tracing.models,web_api.app -> agent_execution.tracing -> agent_execution.tracing.models,,,,Implementation extracted; old surface retained for W3-B.
agent_execution.tracing.repository,src/agent_execution/tracing/repository.py,SURVIVOR_EXTRACT_REQUIRED,SAFE_TO_DELETE_AFTER_W3_A,tracing.repository,web_api.app -> agent_execution.tracing.repository,,,,Implementation extracted; old surface retained for W3-B.
agent_execution.tracing.sink,src/agent_execution/tracing/sink.py,SURVIVOR_EXTRACT_REQUIRED,SAFE_TO_DELETE_AFTER_W3_A,tracing.sink,web_api.app -> agent_execution.tracing -> agent_execution.tracing.sink,,,,Implementation extracted; old surface retained for W3-B.
agent_execution.web_adapters,src/agent_execution/web_adapters.py,SURVIVOR_EXTRACT_REQUIRED,SAFE_TO_DELETE_AFTER_W3_A,application.chat_execution,main -> orchestration.worker -> agent_execution.web_adapters,,,,Implementation extracted; old surface retained for W3-B.
agent_execution.web_events,src/agent_execution/web_events.py,SURVIVOR_EXTRACT_REQUIRED,SAFE_TO_DELETE_AFTER_W3_A,web_domain.run_events,main -> orchestration.worker -> agent_execution.web_events,,,,Implementation extracted; old surface retained for W3-B.
agent_execution.web_host,src/agent_execution/web_host.py,SAFE_TO_DELETE_AFTER_W3_A,SAFE_TO_DELETE_AFTER_W3_A,,,,src/orchestration/web_activities.py:10,test/test_observability_preflight.py:19; test/test_trace_events.py:12; test/test_web_temporal_contract.py:20,No canonical import path found. Retained legacy/test callers must be handled together in W3-B.
application.memory,src/application/memory.py,SAFE_TO_DELETE_AFTER_W3_A,SAFE_TO_DELETE_AFTER_W3_A,,,,,,TurnMemoryService has no canonical import/construction; legacy tests remain.
application.reply,src/application/reply.py,STILL_REACHABLE,STILL_REACHABLE,,main -> orchestration.worker -> bootstrap.qq -> application.reply,main -> orchestration.worker -> bootstrap.qq -> application.reply,src/bootstrap/qq.py:12,test/test_qq_execution_compat.py:13,Canonical QQ delivery and reminder presentation capability; not a retired execution owner.
application.session_archive,src/application/session_archive.py,SAFE_TO_DELETE_AFTER_W3_A,SAFE_TO_DELETE_AFTER_W3_A,,,,,test/test_application_services.py:7,Legacy archive service has no canonical caller; do not invent a new PG archive product flow in W3-A.
bootstrap.qq,src/bootstrap/qq.py,SURVIVOR_EXTRACT_REQUIRED,STILL_REACHABLE,memory.maintenance (HindsightMaintenance only),main -> orchestration.worker -> bootstrap.qq,main -> orchestration.worker -> bootstrap.qq,src/orchestration/worker.py:35,test/test_qq_canonical_protocol.py:73,Canonical QQ/shared capability composition remains; only maintenance adapter extracted.
common.types,src/common/types.py,STILL_REACHABLE,STILL_REACHABLE,,main -> common -> common.types,main -> common -> common.types,src/actions/runtime.py:18; src/agent_execution/qq_host.py:133; src/agent_execution/qq_host.py:529; src/application/context_assembly.py:12; src/application/context_builder.py:27; src/application/conversation.py:9; src/application/identity_commands.py:15; src/application/ingress.py:11; src/application/memory.py:12; src/application/qq_delivery.py:9; src/application/reply.py:17; src/channels/base.py:28; src/channels/console.py:22; src/channels/napcat.py:44; src/channels/official_qq.py:70; src/channels/router.py:29; src/common/__init__.py:9; src/common/interfaces.py:13; src/orchestration/worker.py:39; src/resources/model_client.py:23; src/session/store.py:35; src/web_api/fake_executor.py:7,test/support/qq_messages.py:1; test/test_context_assembly.py:12; test/test_identity_command_interception.py:15; test/test_qq_delivery_adapter.py:8; test/test_run_budget.py:9; test/test_unbound_identity.py:20; test/test_web_temporal_contract.py:29,Shared Event/EventType/ChannelType/UnifiedMessage contracts remain in existing common owner.
harness,src/harness/__init__.py,STILL_REACHABLE,SAFE_TO_DELETE_AFTER_W3_A,,main -> orchestration.worker -> harness,,src/harness/activities.py:1; src/harness/context_builder.py:1; src/harness/prompts.py:1,test/test_qq_execution_compat.py:14,No canonical import path found. Retained legacy/test callers must be handled together in W3-B.
harness.activities,src/harness/activities.py,SURVIVOR_EXTRACT_REQUIRED,SAFE_TO_DELETE_AFTER_W3_A,memory.activities (reflection/metrics only),main -> orchestration.worker -> harness.activities,,,test/test_qq_execution_compat.py:14,Implementation extracted; old surface retained for W3-B.
harness.context_builder,src/harness/context_builder.py,SURVIVOR_EXTRACT_REQUIRED,SAFE_TO_DELETE_AFTER_W3_A,application.context_builder,main -> orchestration.worker -> harness.context_builder,,src/harness/__init__.py:3,,Implementation extracted; old surface retained for W3-B.
harness.prompts,src/harness/prompts.py,SURVIVOR_EXTRACT_REQUIRED,SAFE_TO_DELETE_AFTER_W3_A,application.prompts,main -> orchestration.worker -> harness.prompts,,,,Implementation extracted; old surface retained for W3-B.
orchestration,src/orchestration/__init__.py,STILL_REACHABLE,STILL_REACHABLE,,main -> orchestration,main -> orchestration,src/application/prompts.py:46; src/file_runtime/routing.py:11; src/file_runtime/routing.py:12; src/main.py:51; src/main.py:52; src/orchestration/agent_lifecycle_workflow.py:1; src/orchestration/agent_lifecycle_workflow.py:28; src/orchestration/artifact_activities.py:1; src/orchestration/artifact_dispatcher.py:1; src/orchestration/artifact_dispatcher.py:16; src/orchestration/artifact_workflow.py:1; src/orchestration/artifact_workflow.py:11; src/orchestration/config.py:1; src/orchestration/document_contracts.py:1; src/orchestration/document_worker.py:1; src/orchestration/document_worker.py:15; src/orchestration/document_workflow.py:1; src/orchestration/document_workflow.py:11; src/orchestration/memory_retention_worker.py:1; src/orchestration/research_schedule.py:1; src/orchestration/research_schedule.py:17; src/orchestration/research_schedule.py:22; src/orchestration/research_workflow.py:1; src/orchestration/research_workflow.py:17; src/orchestration/run_lifecycle_activities.py:1; src/orchestration/run_lifecycle_activities.py:14; src/orchestration/run_lifecycle_contracts.py:1; src/orchestration/scheduler.py:1; src/orchestration/web_activities.py:1; src/orchestration/web_activities.py:12; src/orchestration/web_activities.py:14; src/orchestration/web_dispatcher.py:1; src/orchestration/web_dispatcher.py:21; src/orchestration/web_dispatcher.py:22; src/orchestration/web_dispatcher.py:23; src/orchestration/web_reconcile_adapters.py:1; src/orchestration/web_reconciler.py:1; src/orchestration/web_worker.py:1; src/orchestration/web_worker.py:56; src/orchestration/web_worker.py:60; src/orchestration/web_worker.py:61; src/orchestration/web_worker.py:62; src/orchestration/web_worker.py:63; src/orchestration/web_worker.py:64; src/orchestration/web_workers.py:1; src/orchestration/web_workers.py:29; src/orchestration/web_workers.py:30; src/orchestration/web_workers.py:31; src/orchestration/web_workers.py:32; src/orchestration/web_workers.py:33; src/orchestration/web_workflow.py:1; src/orchestration/web_workflow.py:14; src/orchestration/web_workflow.py:32; src/orchestration/worker.py:1; src/orchestration/worker.py:1017; src/orchestration/worker.py:122; src/orchestration/worker.py:126; src/orchestration/worker.py:130; src/orchestration/worker.py:139; src/orchestration/worker.py:144; src/orchestration/worker.py:145; src/orchestration/worker.py:149; src/orchestration/worker.py:373; src/orchestration/worker.py:377; src/orchestration/worker.py:399; src/orchestration/worker.py:47; src/orchestration/worker.py:904; src/orchestration/workflow.py:1; src/research_activities/runtime.py:18; src/web_domain/workflow_execution.py:8; src/web_domain/workflow_execution.py:9,scripts/benchmarks/outbox/outbox_benchmark_worker.py:29; scripts/benchmarks/outbox/outbox_benchmark_worker.py:30; scripts/benchmarks/outbox/outbox_benchmark_worker.py:35; scripts/benchmarks/outbox/outbox_benchmark_worker.py:38; test/support/durable_worker_process.py:49; test/support/durable_worker_process.py:50; test/support/research_worker_process.py:11; test/support/research_worker_process.py:16; test/test_agent_segment_replay.py:11; test/test_document_temporal_integration.py:15; test/test_document_temporal_integration.py:16; test/test_document_worker.py:16; test/test_document_worker.py:17; test/test_durable_agent_contract.py:153; test/test_durable_agent_contract.py:19; test/test_durable_agent_contract.py:20; test/test_durable_agent_contract.py:21; test/test_durable_agent_contract.py:22; test/test_durable_agent_contract.py:23; test/test_durable_agent_contract.py:24; test/test_durable_agent_worker_kill.py:25; test/test_durable_agent_worker_kill.py:26; test/test_model_configuration.py:9; test/test_qq_canonical_protocol.py:74; test/test_research_domain.py:9; test/test_research_schedule.py:7; test/test_research_temporal_contract.py:15; test/test_research_temporal_contract.py:9; test/test_research_temporal_integration.py:14; test/test_research_temporal_integration.py:19; test/test_research_temporal_integration.py:20; test/test_research_worker_kill.py:12; test/test_research_worker_kill.py:13; test/test_w1_gate_resources.py:14; test/test_w1_gate_resources.py:7; test/test_w1_gate_resources.py:8; test/test_w1c_cutover_contract.py:10; test/test_w1c_cutover_contract.py:11; test/test_w1c_cutover_contract.py:12; test/test_w1c_cutover_contract.py:16; test/test_w1c_cutover_contract.py:17; test/test_w1c_cutover_contract.py:87; test/test_web_artifacts.py:9; test/test_web_background_tasks.py:17; test/test_web_background_tasks.py:18; test/test_web_outbox_recovery.py:23; test/test_web_outbox_recovery.py:24; test/test_web_outbox_recovery.py:25; test/test_web_temporal_contract.py:172; test/test_web_temporal_contract.py:30; test/test_web_temporal_contract.py:31; test/test_web_temporal_contract.py:32; test/test_web_temporal_contract.py:33; test/test_web_temporal_contract.py:34; test/test_web_temporal_contract.py:35; test/test_web_temporal_contract.py:42; test/test_web_temporal_contract.py:43; test/test_web_temporal_contract.py:49; test/test_web_temporal_contract.py:622; test/test_web_temporal_integration.py:16; test/test_web_temporal_integration.py:17; test/test_web_temporal_replay.py:24; test/test_worker_identity_config.py:5; test/web_api/test_research_file_composition.py:8; test/web_persistence/test_f4_2_approval_temporal.py:33; test/web_persistence/test_outbox_and_lifecycle.py:253; test/web_persistence/test_outbox_and_lifecycle.py:398; test/web_persistence/test_research_r0_r2.py:8; test/web_persistence/test_research_schedule_temporal_integration.py:22; test/web_persistence/test_research_schedule_temporal_integration.py:26; test/web_persistence/test_web_artifacts.py:13; test/web_persistence/test_web_artifacts.py:17; test/web_persistence/test_web_artifacts.py:22; test/web_persistence/test_web_temporal_e2e.py:25; test/web_persistence/test_web_temporal_e2e.py:26; test/web_persistence/test_web_temporal_e2e.py:35; test/web_persistence/test_web_temporal_e2e.py:36; test/web_persistence/test_web_temporal_e2e.py:41,Canonical import path remains; retain/review actual symbol ownership.
orchestration.agent_lifecycle_workflow,src/orchestration/agent_lifecycle_workflow.py,STILL_REACHABLE,STILL_REACHABLE,,orchestration.web_worker -> orchestration.web_dispatcher -> orchestration.agent_lifecycle_workflow,orchestration.web_worker -> orchestration.web_dispatcher -> orchestration.agent_lifecycle_workflow,src/orchestration/web_dispatcher.py:21; src/orchestration/web_workers.py:29,scripts/benchmarks/outbox/outbox_benchmark_worker.py:29; test/support/durable_worker_process.py:49; test/test_agent_segment_replay.py:11; test/test_durable_agent_contract.py:19; test/test_durable_agent_worker_kill.py:25; test/test_w1c_cutover_contract.py:10; test/test_web_temporal_contract.py:30; test/test_web_temporal_integration.py:16; test/web_persistence/test_web_temporal_e2e.py:25,Canonical import path remains; retain/review actual symbol ownership.
orchestration.artifact_activities,src/orchestration/artifact_activities.py,STILL_REACHABLE,STILL_REACHABLE,,main -> orchestration.worker -> orchestration.artifact_activities,main -> orchestration.worker -> orchestration.artifact_activities,src/orchestration/worker.py:122,test/web_persistence/test_web_artifacts.py:13,Canonical import path remains; retain/review actual symbol ownership.
orchestration.artifact_dispatcher,src/orchestration/artifact_dispatcher.py,STILL_REACHABLE,STILL_REACHABLE,,orchestration.web_worker -> orchestration.artifact_dispatcher,orchestration.web_worker -> orchestration.artifact_dispatcher,src/orchestration/web_worker.py:56; src/orchestration/worker.py:126; src/orchestration/worker.py:373,test/test_web_artifacts.py:9; test/web_persistence/test_web_artifacts.py:17,Canonical import path remains; retain/review actual symbol ownership.
orchestration.artifact_workflow,src/orchestration/artifact_workflow.py,STILL_REACHABLE,STILL_REACHABLE,,orchestration.web_worker -> orchestration.artifact_dispatcher -> orchestration.artifact_workflow,orchestration.web_worker -> orchestration.artifact_dispatcher -> orchestration.artifact_workflow,src/orchestration/artifact_dispatcher.py:16; src/orchestration/web_workers.py:30,test/test_durable_agent_contract.py:20; test/test_web_temporal_contract.py:31; test/web_persistence/test_web_artifacts.py:22,Canonical import path remains; retain/review actual symbol ownership.
orchestration.config,src/orchestration/config.py,STILL_REACHABLE,STILL_REACHABLE,,main -> orchestration.config,main -> orchestration.config,src/application/prompts.py:46; src/main.py:51; src/orchestration/web_worker.py:60; src/orchestration/worker.py:47,test/test_model_configuration.py:9; test/test_research_domain.py:9; test/test_w1_gate_resources.py:7; test/test_w1c_cutover_contract.py:11; test/test_web_outbox_recovery.py:23; test/test_web_temporal_contract.py:32,Shared current config plus residual fields; file-level deletion prohibited.
orchestration.document_contracts,src/orchestration/document_contracts.py,STILL_REACHABLE,STILL_REACHABLE,,orchestration.document_worker -> orchestration.document_contracts,orchestration.document_worker -> orchestration.document_contracts,src/orchestration/document_worker.py:15; src/orchestration/document_workflow.py:11,test/test_document_temporal_integration.py:15; test/test_document_worker.py:16,Canonical import path remains; retain/review actual symbol ownership.
orchestration.document_worker,src/orchestration/document_worker.py,STILL_REACHABLE,STILL_REACHABLE,,orchestration.document_worker,orchestration.document_worker,,test/test_document_worker.py:17,Canonical import path remains; retain/review actual symbol ownership.
orchestration.document_workflow,src/orchestration/document_workflow.py,STILL_REACHABLE,STILL_REACHABLE,,orchestration.web_worker -> orchestration.web_workers -> orchestration.document_workflow,orchestration.web_worker -> orchestration.web_workers -> orchestration.document_workflow,src/file_runtime/routing.py:11; src/orchestration/web_workers.py:31,test/test_document_temporal_integration.py:16; test/test_durable_agent_contract.py:21; test/test_web_temporal_contract.py:33,Canonical import path remains; retain/review actual symbol ownership.
orchestration.memory_retention_worker,src/orchestration/memory_retention_worker.py,STILL_REACHABLE,STILL_REACHABLE,,orchestration.web_worker -> orchestration.memory_retention_worker,orchestration.web_worker -> orchestration.memory_retention_worker,src/orchestration/web_worker.py:61; src/orchestration/worker.py:399,,Canonical import path remains; retain/review actual symbol ownership.
orchestration.research_schedule,src/orchestration/research_schedule.py,STILL_REACHABLE,STILL_REACHABLE,,main -> orchestration.worker -> orchestration.research_schedule,main -> orchestration.worker -> orchestration.research_schedule,src/orchestration/worker.py:1017; src/orchestration/worker.py:904,test/test_research_schedule.py:7,Canonical import path remains; retain/review actual symbol ownership.
orchestration.research_workflow,src/orchestration/research_workflow.py,STILL_REACHABLE,STILL_REACHABLE,,orchestration.web_worker -> orchestration.web_dispatcher -> orchestration.research_workflow,orchestration.web_worker -> orchestration.web_dispatcher -> orchestration.research_workflow,src/orchestration/research_schedule.py:17; src/orchestration/web_dispatcher.py:22; src/orchestration/web_workers.py:32; src/research_activities/runtime.py:18,test/support/research_worker_process.py:11; test/test_durable_agent_contract.py:22; test/test_research_temporal_contract.py:9; test/test_research_temporal_integration.py:14; test/test_research_worker_kill.py:12; test/test_web_temporal_contract.py:34; test/web_api/test_research_file_composition.py:8; test/web_persistence/test_research_r0_r2.py:8; test/web_persistence/test_research_schedule_temporal_integration.py:22,Canonical import path remains; retain/review actual symbol ownership.
orchestration.run_lifecycle_activities,src/orchestration/run_lifecycle_activities.py,STILL_REACHABLE,STILL_REACHABLE,,main -> orchestration.worker -> orchestration.run_lifecycle_activities,main -> orchestration.worker -> orchestration.run_lifecycle_activities,src/orchestration/worker.py:130,test/test_w1c_cutover_contract.py:12; test/test_web_temporal_contract.py:172; test/web_persistence/test_web_temporal_e2e.py:26,Canonical import path remains; retain/review actual symbol ownership.
orchestration.run_lifecycle_contracts,src/orchestration/run_lifecycle_contracts.py,STILL_REACHABLE,STILL_REACHABLE,,orchestration.web_worker -> orchestration.web_dispatcher -> orchestration.run_lifecycle_contracts,orchestration.web_worker -> orchestration.web_dispatcher -> orchestration.run_lifecycle_contracts,src/file_runtime/routing.py:12; src/orchestration/agent_lifecycle_workflow.py:28; src/orchestration/artifact_workflow.py:11; src/orchestration/research_schedule.py:22; src/orchestration/research_workflow.py:17; src/orchestration/run_lifecycle_activities.py:14; src/orchestration/web_activities.py:12; src/orchestration/web_activities.py:14; src/orchestration/web_dispatcher.py:23; src/orchestration/web_workers.py:33; src/orchestration/web_workflow.py:14; src/orchestration/web_workflow.py:32,scripts/benchmarks/outbox/outbox_benchmark_worker.py:30; scripts/benchmarks/outbox/outbox_benchmark_worker.py:35; test/support/durable_worker_process.py:50; test/support/research_worker_process.py:16; test/test_durable_agent_contract.py:23; test/test_durable_agent_worker_kill.py:26; test/test_research_temporal_integration.py:19; test/test_research_worker_kill.py:13; test/test_w1c_cutover_contract.py:16; test/test_web_temporal_integration.py:17; test/web_persistence/test_research_schedule_temporal_integration.py:26; test/web_persistence/test_web_temporal_e2e.py:35,Already canonical owner of queue/timeouts/FailureInput/RunLifecycleInput; retain names and wire values.
orchestration.scheduler,src/orchestration/scheduler.py,SURVIVOR_EXTRACT_REQUIRED,SAFE_TO_DELETE_AFTER_W3_A,application.scheduler,main -> orchestration.worker -> orchestration.scheduler,,,,Implementation extracted; old surface retained for W3-B.
orchestration.web_activities,src/orchestration/web_activities.py,SAFE_TO_DELETE_AFTER_W3_A,SAFE_TO_DELETE_AFTER_W3_A,,,,,test/test_web_temporal_contract.py:622,No canonical import path found. Retained legacy/test callers must be handled together in W3-B.
orchestration.web_dispatcher,src/orchestration/web_dispatcher.py,STILL_REACHABLE,STILL_REACHABLE,,orchestration.web_worker -> orchestration.web_dispatcher,orchestration.web_worker -> orchestration.web_dispatcher,src/orchestration/web_worker.py:62; src/orchestration/worker.py:139; src/orchestration/worker.py:377; src/web_domain/workflow_execution.py:8,scripts/benchmarks/outbox/outbox_benchmark_worker.py:38; test/test_durable_agent_contract.py:153; test/test_research_temporal_contract.py:15; test/test_research_temporal_integration.py:20; test/test_w1c_cutover_contract.py:17; test/test_w1c_cutover_contract.py:87; test/test_web_outbox_recovery.py:24; test/test_web_temporal_contract.py:35; test/web_persistence/test_f4_2_approval_temporal.py:33; test/web_persistence/test_outbox_and_lifecycle.py:253; test/web_persistence/test_outbox_and_lifecycle.py:398; test/web_persistence/test_web_temporal_e2e.py:36,Canonical import path remains; retain/review actual symbol ownership.
orchestration.web_reconcile_adapters,src/orchestration/web_reconcile_adapters.py,STILL_REACHABLE,STILL_REACHABLE,,main -> orchestration.worker -> orchestration.web_reconcile_adapters,main -> orchestration.worker -> orchestration.web_reconcile_adapters,src/orchestration/worker.py:144,,Canonical import path remains; retain/review actual symbol ownership.
orchestration.web_reconciler,src/orchestration/web_reconciler.py,STILL_REACHABLE,STILL_REACHABLE,,main -> orchestration.worker -> orchestration.web_reconciler,main -> orchestration.worker -> orchestration.web_reconciler,src/orchestration/worker.py:145; src/web_domain/workflow_execution.py:9,test/test_web_temporal_contract.py:42,Canonical import path remains; retain/review actual symbol ownership.
orchestration.web_worker,src/orchestration/web_worker.py,STILL_REACHABLE,STILL_REACHABLE,,orchestration.web_worker,orchestration.web_worker,,,Canonical import path remains; retain/review actual symbol ownership.
orchestration.web_workers,src/orchestration/web_workers.py,STILL_REACHABLE,STILL_REACHABLE,,orchestration.web_worker -> orchestration.web_workers,orchestration.web_worker -> orchestration.web_workers,src/orchestration/web_worker.py:63; src/orchestration/worker.py:149,test/test_durable_agent_contract.py:24; test/test_web_background_tasks.py:17; test/test_web_outbox_recovery.py:25; test/test_web_temporal_contract.py:43; test/web_persistence/test_web_temporal_e2e.py:41,Canonical import path remains; retain/review actual symbol ownership.
orchestration.web_workflow,src/orchestration/web_workflow.py,SAFE_TO_DELETE_AFTER_W3_A,SAFE_TO_DELETE_AFTER_W3_A,,,,,test/test_web_temporal_contract.py:49; test/test_web_temporal_replay.py:24,No canonical import path found. Retained legacy/test callers must be handled together in W3-B.
orchestration.worker,src/orchestration/worker.py,STILL_REACHABLE,STILL_REACHABLE,,main -> orchestration.worker,main -> orchestration.worker,src/main.py:52; src/orchestration/__init__.py:22; src/orchestration/web_worker.py:64,test/test_qq_canonical_protocol.py:74; test/test_w1_gate_resources.py:14; test/test_w1_gate_resources.py:8; test/test_web_background_tasks.py:18; test/test_worker_identity_config.py:5,Production composition and scheduled/tool registration; W4 cleanup deferred.
orchestration.workflow,src/orchestration/workflow.py,SURVIVOR_EXTRACT_REQUIRED,STILL_REACHABLE,memory.workflows (ReflectWorkflow/MetricsReportWorkflow only),main -> orchestration -> orchestration.workflow,main -> orchestration -> orchestration.workflow,src/orchestration/__init__.py:18,,Scheduled survivors extracted; conservative reachability remains only through dormant orchestration.__getattr__(OrchestrationWorkflow). W3-B must remove that export before deleting file.
session,src/session/__init__.py,STILL_REACHABLE,STILL_REACHABLE,,main -> orchestration.worker -> session,main -> orchestration.worker -> session,src/application/memory.py:13; src/application/session_archive.py:37; src/orchestration/worker.py:53; src/session/db.py:1; src/session/db.py:113; src/session/db.py:9; src/session/models.py:1; src/session/store.py:1; src/session/store.py:37; src/session/workspace.py:1; src/session/workspace.py:27; src/session/workspace.py:28,test/test_workspace.py:14; test/test_workspace.py:15; test/test_workspace.py:16,Eager exports import SessionStore/workspace when worker imports session.db.
session.db,src/session/db.py,STILL_REACHABLE,STILL_REACHABLE,,main -> orchestration.worker -> session.db,main -> orchestration.worker -> session.db,src/orchestration/worker.py:53; src/session/__init__.py:7; src/session/workspace.py:27,test/test_workspace.py:15,Worker still constructs WorkspaceDB; retain pending composition decision (W4).
session.models,src/session/models.py,STILL_REACHABLE,STILL_REACHABLE,,main -> orchestration.worker -> session -> session.models,main -> orchestration.worker -> session -> session.models,src/session/__init__.py:4; src/session/db.py:113; src/session/db.py:9; src/session/store.py:37; src/session/workspace.py:28,test/test_workspace.py:14,WorkspaceDB and eager session exports require these models; not the PG Session DTO.
session.store,src/session/store.py,STILL_REACHABLE,STILL_REACHABLE,,main -> orchestration.worker -> session -> session.store,main -> orchestration.worker -> session -> session.store,src/application/memory.py:13; src/session/__init__.py:5,,Import-reachable via session.__init__; canonical QQ does not construct SessionStore. Do not infer active authority from this edge.
session.workspace,src/session/workspace.py,STILL_REACHABLE,STILL_REACHABLE,,main -> orchestration.worker -> session -> session.workspace,main -> orchestration.worker -> session -> session.workspace,src/application/session_archive.py:37; src/session/__init__.py:6,test/test_workspace.py:16,"Import-reachable via session.__init__; archive helpers serve retained SessionArchiveService only, no canonical archive caller found."
storage,src/storage/__init__.py,STILL_REACHABLE,STILL_REACHABLE,,web_api.app -> storage,web_api.app -> storage,src/bootstrap/qq.py:15; src/file_domain/persistent.py:17; src/file_runtime/output.py:11; src/orchestration/document_worker.py:16; src/orchestration/worker.py:54; src/orchestration/worker.py:55; src/orchestration/worker.py:633; src/storage/file_store.py:1; src/storage/file_store.py:13; src/storage/protocols.py:1; src/storage/redis.py:1; src/storage/redis.py:21; src/storage/tenant_file_store.py:1; src/web_api/app.py:52; src/web_domain/file_cleanup.py:9; src/web_domain/file_services.py:17; src/web_domain/file_services.py:20; src/web_domain/file_services.py:23; src/web_domain/file_services.py:27; src/workspace/file_scope.py:13,test/test_run_file_workspace.py:9; test/test_tenant_file_store.py:10; test/test_workspace.py:17; test/web_api/test_binary_file_upload.py:15; test/web_api/test_research_file_composition.py:17; test/web_persistence/test_document_worker_persistence.py:10; test/web_persistence/test_file_cleanup.py:8; test/web_persistence/test_file_lineage.py:13; test/web_persistence/test_file_output_persistence.py:11; test/web_persistence/test_persistent_web_files.py:15,Shared storage infrastructure: actual canonical callers below; not QQ-only storage.
storage.file_store,src/storage/file_store.py,STILL_REACHABLE,STILL_REACHABLE,,main -> orchestration.worker -> storage.file_store,main -> orchestration.worker -> storage.file_store,src/bootstrap/qq.py:15; src/orchestration/worker.py:54; src/storage/__init__.py:9,test/test_workspace.py:17,Shared storage infrastructure: actual canonical callers below; not QQ-only storage.
storage.protocols,src/storage/protocols.py,STILL_REACHABLE,STILL_REACHABLE,,web_api.app -> storage -> storage.protocols,web_api.app -> storage -> storage.protocols,src/storage/__init__.py:7; src/storage/file_store.py:13; src/storage/redis.py:21,,Shared storage infrastructure: actual canonical callers below; not QQ-only storage.
storage.redis,src/storage/redis.py,STILL_REACHABLE,STILL_REACHABLE,,main -> orchestration.worker -> storage.redis,main -> orchestration.worker -> storage.redis,src/orchestration/worker.py:633; src/storage/__init__.py:8,,Shared storage infrastructure: actual canonical callers below; not QQ-only storage.
storage.tenant_file_store,src/storage/tenant_file_store.py,STILL_REACHABLE,STILL_REACHABLE,,web_api.app -> storage.tenant_file_store,web_api.app -> storage.tenant_file_store,src/file_domain/persistent.py:17; src/file_runtime/output.py:11; src/orchestration/document_worker.py:16; src/orchestration/worker.py:55; src/web_api/app.py:52; src/web_domain/file_cleanup.py:9; src/web_domain/file_services.py:17; src/web_domain/file_services.py:20; src/web_domain/file_services.py:23; src/web_domain/file_services.py:27; src/workspace/file_scope.py:13,test/test_run_file_workspace.py:9; test/test_tenant_file_store.py:10; test/web_api/test_binary_file_upload.py:15; test/web_api/test_research_file_composition.py:17; test/web_persistence/test_document_worker_persistence.py:10; test/web_persistence/test_file_cleanup.py:8; test/web_persistence/test_file_lineage.py:13; test/web_persistence/test_file_output_persistence.py:11; test/web_persistence/test_persistent_web_files.py:15,Shared storage infrastructure: actual canonical callers below; not QQ-only storage.
web_api.app,src/web_api/app.py,STILL_REACHABLE,STILL_REACHABLE,,web_api.app,web_api.app,src/web_api/__init__.py:3; src/web_api/__main__.py:11,scripts/benchmarks/outbox/outbox_recovery_benchmark.py:29; test/test_file_action_approval_contract.py:5; test/web_api/conftest.py:12; test/web_api/test_file_protocol_middleware.py:6,Canonical import path remains; retain/review actual symbol ownership.
web_api.fake_executor,src/web_api/fake_executor.py,STILL_REACHABLE,STILL_REACHABLE,,web_api.app -> web_api.fake_executor,web_api.app -> web_api.fake_executor,src/web_api/app.py:82,,Imported by API composition; fake_executor_enabled controls non-production execution. Event projection now owned by web_domain.run_events; file remains reachable.
,scripts/session-viewer.py,UNKNOWN,UNKNOWN,,,,,,Operational WAL/archive viewer; reads files rather than importing SessionStore. Operator usage cannot be proved from the runtime import graph.
,scripts/merge-account.py,UNKNOWN,UNKNOWN,,,,,,Operational JSON rewrite script; no production module import is evidence of operator usage. Review explicitly in W3-B; never run to delete personal data.
,persistence/migrations/*,STILL_REACHABLE,STILL_REACHABLE,,,,,,Canonical clean-schema installation chain; no migration deletion authorized.
